-- phpMyAdmin SQL Dump
-- version 5.1.1
-- https://www.phpmyadmin.net/
--
-- Hôte : 127.0.0.1
-- Généré le : dim. 01 mai 2022 à 16:03
-- Version du serveur : 10.4.22-MariaDB
-- Version de PHP : 8.1.2

SET SQL_MODE = "NO_AUTO_VALUE_ON_ZERO";
START TRANSACTION;
SET time_zone = "+00:00";


/*!40101 SET @OLD_CHARACTER_SET_CLIENT=@@CHARACTER_SET_CLIENT */;
/*!40101 SET @OLD_CHARACTER_SET_RESULTS=@@CHARACTER_SET_RESULTS */;
/*!40101 SET @OLD_COLLATION_CONNECTION=@@COLLATION_CONNECTION */;
/*!40101 SET NAMES utf8mb4 */;

--
-- Base de données : `jeu_de_dames`
--
CREATE DATABASE IF NOT EXISTS `jeu_de_dames` DEFAULT CHARACTER SET utf8mb4 COLLATE utf8mb4_general_ci;
USE `jeu_de_dames`;

-- --------------------------------------------------------

--
-- Structure de la table `joueur`
--

CREATE TABLE `joueur` (
  `id_joueur` int(11) NOT NULL,
  `nom` varchar(50) DEFAULT NULL,
  `prenom` varchar(50) DEFAULT NULL,
  `email` varchar(100) DEFAULT NULL,
  `mdp` varchar(50) DEFAULT NULL,
  `genre` char(1) DEFAULT NULL,
  `pseudo` varchar(20) DEFAULT NULL,
  `parties_jouees` int(11) DEFAULT 0,
  `parties_gagnees` int(1) DEFAULT 0
) ENGINE=InnoDB DEFAULT CHARSET=utf8mb4;

--
-- Déchargement des données de la table `joueur`
--

INSERT INTO `joueur` (`id_joueur`, `nom`, `prenom`, `email`, `mdp`, `genre`, `pseudo`, `parties_jouees`, `parties_gagnees`) VALUES
(1, 'aaaa', 'aaaa', 'aaa@aaa', 'aaaa', 'f', 'aaaa', 10, 2),
(2, 'aaa', 'aaaaa', 'ffff@gg', 'aaaz', 'a', 'aaff', 5, 0),
(3, 'aa', 'aa', 'aaa@gg', 'fff', 'h', 'aaa', 8, 8),
(4, 'aaarf', 'fefre', 'ggzegzg@ee', 'fff', 'a', 'egrgg', 1, 1),
(5, 'Hublart', 'Fred', 'hublartlucas@gmail.com', '123456 ', 'h', 'Fred', 20, 10),
(6, 'Hublart', 'Lucas', 'hublartlucas@gail.com', '123456', 'h', 'Lucashblt', 10, 8),
(7, 'verret', 'trvtr', 'hublartlucas@fr.com', '123456', 'h', 'Lucas', 57, 40),
(8, 'brtb', 'brstrb', 'vrvtr@fvrt.com', '123456', 'h', 'NOSAKE', 100, 75),
(9, 'vr', 'crecre', 'vrvtr@crec.com', '123456', 'f', 'cezcre', 2, 1),
(11, 'gfcbgre', 'crecre', 'kchrvtbv@gmail.com', '123456', 'f', 'carecer', 3, 0);

-- --------------------------------------------------------

--
-- Structure de la table `partie`
--

CREATE TABLE `partie` (
  `id_partie` int(11) NOT NULL,
  `nom_partie` varchar(30) DEFAULT NULL,
  `id_joueur1` int(11) DEFAULT NULL,
  `id_joueur2` int(11) DEFAULT NULL,
  `next_color` tinyint(1) DEFAULT NULL,
  `partie_finie` int(1) NOT NULL DEFAULT 0
) ENGINE=InnoDB DEFAULT CHARSET=utf8mb4;

--
-- Déchargement des données de la table `partie`
--

INSERT INTO `partie` (`id_partie`, `nom_partie`, `id_joueur1`, `id_joueur2`, `next_color`, `partie_finie`) VALUES
(1, 'partie1', 5, 3, 1, 0),
(2, 'partie1', 5, 3, 1, 0),
(3, 'partie1', 5, 3, 1, 0),
(4, 'partie1', 5, 1, 2, 0),
(5, 'partie1', 5, 1, 2, 0),
(6, 'partie1', 5, 1, 2, 0),
(7, 'partie1', 5, 1, 2, 0),
(8, 'Hublart', 5, 3, 1, 0),
(9, 'Hublart', 5, 2, 1, 0),
(10, 'parti1', 5, 4, 1, 0),
(11, 'parti20', 5, 2, 1, 0),
(12, 'partie3', 5, 4, 2, 0),
(13, 'partie4', 5, 2, 1, 0),
(14, 'Hublart', 5, 3, 1, 0),
(15, 'Hublart', 5, 3, 1, 0),
(16, 'partie3', 5, 2, 1, 0),
(17, 'partie3', 5, 3, 1, 0),
(18, 'partie3', 5, 1, 1, 0),
(19, 'parti1', 5, 2, 2, 0),
(20, 'parti1', 5, 2, 1, 0),
(21, 'parti1', 5, 2, 1, 0),
(22, 'Hublart', 5, 1, 1, 0),
(23, 'Hublart', 5, 2, 1, 0),
(24, 'partie1', 5, 3, 1, 0),
(25, 'Hublart', 5, 4, 1, 0),
(26, 'partie1', 5, 2, 1, 0),
(27, 'Hublart', 5, 2, 1, 0),
(28, 'partie1', 5, 2, 1, 0),
(29, 'Hublart', NULL, 4, 1, 0),
(30, 'Hublart', NULL, 2, 1, 0),
(31, 'parti20', NULL, 2, 1, 0),
(32, 'Newpartie', 5, 1, 1, 0),
(33, 'noir', 5, 3, 2, 0),
(34, 'Hublart', 4, 5, 2, 0),
(35, 'parti1', 5, 1, 1, 0),
(36, 'Hublart', 1, 5, 2, 0),
(37, 'partie1', 5, 3, 1, 0),
(38, 'partie1', 4, 5, 2, 0),
(39, 'Hublart', 5, 1, 1, 0),
(40, 'Newpartie', 3, 5, 1, 0),
(41, 'partie1', 2, 5, 1, 0),
(42, 'partie1', 5, 2, 1, 0),
(43, 'vte', 3, 5, 1, 0),
(44, 'parti20', 5, 2, 1, 0),
(45, 'parti21', 3, 5, 1, 0),
(46, 'parti30', 5, 2, 1, 0),
(47, 'partie165', 5, 4, 1, 0),
(48, 'parti100', 5, 2, 1, 0),
(49, 'parti200', 1, 5, 1, 0),
(50, 'partie1', 3, 5, 1, 0),
(51, 'Hublart', 5, 4, 1, 0),
(52, 'a', 5, 2, 1, 0),
(53, 'HULBART', 5, 3, 1, 0),
(54, 'a', 5, 2, 1, 0),
(55, 'Hublart', 2, 5, 1, 0),
(56, 'Hublart', 5, 2, 1, 0),
(57, '61', 5, 3, 1, 0),
(58, 'parti1', 5, 1, 1, 0),
(59, 'partie1', 5, 2, 1, 0),
(60, 'partie1', 5, 3, 1, 0),
(61, 'partie1', 5, 2, 2, 0),
(62, 'partie1', 5, 2, 1, 0),
(63, 'partie1', 5, 3, 1, 0),
(64, 'partie1', 6, 5, 1, 0),
(65, 'parti1', 6, 5, 1, 0),
(66, 'partie1', 5, 6, 1, 0),
(67, 'Hublart', 5, 6, 2, 0),
(68, 'parti1', 5, 6, 2, 0),
(69, 'parti1', 5, 3, 1, 0),
(70, 'parti2', 5, 2, 1, 0),
(71, 'parti20', 5, 3, 1, 0),
(72, 'parti1', 5, 3, 1, 0),
(73, 'Hublart', 5, 4, 1, 0),
(74, 'parti1', 5, 3, 1, 0),
(75, 'parti1', 5, 1, 1, 0),
(76, 'parti20', 5, 2, 1, 0),
(77, 'partie1', 6, 7, 2, 0),
(78, 'Test Fred', 7, 6, 1, 0),
(79, 'parti20', 7, 4, 1, 0),
(80, 'Hublart', 4, 7, 1, 0),
(81, 'Hublart', 7, 4, 1, 0),
(82, 'Hublart', 4, 7, 1, 0),
(83, 'Hublart', 7, 6, 1, 0),
(84, 'ibnk', 7, 5, 2, 0),
(85, 'parti1', 3, 7, 1, 0),
(86, ' vtyv', 7, 3, 1, 0),
(87, 'test 2', 7, 2, 1, 0),
(88, 'test 4', 7, 2, 2, 0),
(89, 'Test à 2', 5, 7, 1, 0),
(90, 'test 50', 7, 2, 1, 0),
(91, 'cecre', 7, 3, 1, 0),
(92, 'cecre', 7, 3, 1, 0),
(93, 'parti1', 7, 2, 1, 0),
(94, 'Hublart58', 7, 4, 1, 0),
(95, 'partie187', 7, 2, 1, 0),
(96, 'partie187', 7, 2, 1, 0),
(97, 'bkerce', 7, 3, 2, 0),
(98, 'partie35', 3, 7, 1, 0),
(99, 'parti2058', 7, 3, 1, 0),
(100, 'parti2058', 7, 3, 1, 0),
(101, 'parti2058', 7, 3, 1, 0),
(102, 'hdtcb', 7, 4, 1, 0),
(103, 'Hublart', 7, 3, 2, 0),
(104, 'yjfb', 7, 3, 1, 0),
(105, 'partie35', 3, 7, 1, 0),
(106, 'parti20vrt', 7, 1, 2, 0),
(107, 'bviygvjcbv', 7, 3, 2, 0),
(108, 'vctregcb', 7, 8, 2, 0),
(109, 'cercer', 2, 7, 1, 0);

-- --------------------------------------------------------

--
-- Structure de la table `pion`
--

CREATE TABLE `pion` (
  `id_pion` int(11) NOT NULL,
  `id_partie` int(11) NOT NULL,
  `type_pion` tinyint(1) DEFAULT NULL,
  `pos_x` int(11) DEFAULT NULL,
  `pos_y` int(11) DEFAULT NULL,
  `id_joueur` int(11) DEFAULT NULL,
  `couleur_pion` tinyint(4) NOT NULL
) ENGINE=InnoDB DEFAULT CHARSET=utf8mb4;

--
-- Déchargement des données de la table `pion`
--

INSERT INTO `pion` (`id_pion`, `id_partie`, `type_pion`, `pos_x`, `pos_y`, `id_joueur`, `couleur_pion`) VALUES
(1, 2, 1, 2, 1, 5, 1),
(2, 2, 1, 4, 1, 5, 1),
(3, 2, 1, 6, 1, 5, 1),
(4, 2, 1, 8, 1, 5, 1),
(5, 2, 1, 10, 1, 5, 1),
(6, 2, 1, 1, 2, 5, 1),
(7, 2, 1, 3, 2, 5, 1),
(8, 2, 1, 5, 2, 5, 1),
(9, 2, 1, 7, 2, 5, 1),
(10, 2, 1, 9, 2, 5, 1),
(11, 2, 1, 2, 3, 5, 1),
(12, 2, 1, 4, 3, 5, 1),
(13, 2, 1, 6, 3, 5, 1),
(14, 2, 1, 8, 3, 5, 1),
(15, 2, 1, 10, 3, 5, 1),
(16, 2, 1, 1, 4, 5, 1),
(17, 2, 1, 3, 4, 5, 1),
(18, 2, 1, 5, 4, 5, 1),
(19, 2, 1, 7, 4, 5, 1),
(20, 2, 1, 9, 4, 5, 1),
(21, 2, 1, 1, 6, 3, 2),
(22, 2, 1, 3, 6, 3, 2),
(23, 2, 1, 5, 6, 3, 2),
(24, 2, 1, 7, 6, 3, 2),
(25, 2, 1, 9, 6, 3, 2),
(26, 2, 1, 2, 7, 3, 2),
(27, 2, 1, 4, 7, 3, 2),
(28, 2, 1, 6, 7, 3, 2),
(29, 2, 1, 8, 7, 3, 2),
(30, 2, 1, 10, 7, 3, 2),
(31, 2, 1, 1, 8, 3, 2),
(32, 2, 1, 3, 8, 3, 2),
(33, 2, 1, 5, 8, 3, 2),
(34, 2, 1, 7, 8, 3, 2),
(35, 2, 1, 9, 8, 3, 2),
(36, 2, 1, 2, 9, 3, 2),
(37, 2, 1, 4, 9, 3, 2),
(38, 2, 1, 6, 9, 3, 2),
(39, 2, 1, 8, 9, 3, 2),
(40, 2, 1, 10, 9, 3, 2),
(41, 2, 1, 1, 10, 3, 2),
(42, 2, 1, 3, 10, 3, 2),
(43, 2, 1, 5, 10, 3, 2),
(44, 2, 1, 7, 10, 3, 2),
(45, 2, 1, 9, 10, 3, 2),
(46, 3, 1, 2, 1, 5, 1),
(47, 3, 1, 4, 1, 5, 1),
(48, 3, 1, 6, 1, 5, 1),
(49, 3, 1, 8, 1, 5, 1),
(50, 3, 1, 10, 1, 5, 1),
(51, 3, 1, 1, 2, 5, 1),
(52, 3, 1, 3, 2, 5, 1),
(53, 3, 1, 5, 2, 5, 1),
(54, 3, 1, 7, 2, 5, 1),
(55, 3, 1, 9, 2, 5, 1),
(56, 3, 1, 2, 3, 5, 1),
(57, 3, 1, 4, 3, 5, 1),
(58, 3, 1, 6, 3, 5, 1),
(59, 3, 1, 8, 3, 5, 1),
(60, 3, 1, 10, 3, 5, 1),
(61, 3, 1, 1, 4, 5, 1),
(62, 3, 1, 3, 4, 5, 1),
(63, 3, 1, 5, 4, 5, 1),
(64, 3, 1, 7, 4, 5, 1),
(65, 3, 1, 9, 4, 5, 1),
(66, 3, 1, 1, 6, 3, 2),
(67, 3, 1, 3, 6, 3, 2),
(68, 3, 1, 5, 6, 3, 2),
(69, 3, 1, 7, 6, 3, 2),
(70, 3, 1, 9, 6, 3, 2),
(71, 3, 1, 2, 7, 3, 2),
(72, 3, 1, 4, 7, 3, 2),
(73, 3, 1, 6, 7, 3, 2),
(74, 3, 1, 8, 7, 3, 2),
(75, 3, 1, 10, 7, 3, 2),
(76, 3, 1, 1, 8, 3, 2),
(77, 3, 1, 3, 8, 3, 2),
(78, 3, 1, 5, 8, 3, 2),
(79, 3, 1, 7, 8, 3, 2),
(80, 3, 1, 9, 8, 3, 2),
(81, 3, 1, 2, 9, 3, 2),
(82, 3, 1, 4, 9, 3, 2),
(83, 3, 1, 6, 9, 3, 2),
(84, 3, 1, 8, 9, 3, 2),
(85, 3, 1, 10, 9, 3, 2),
(86, 3, 1, 1, 10, 3, 2),
(87, 3, 1, 3, 10, 3, 2),
(88, 3, 1, 5, 10, 3, 2),
(89, 3, 1, 7, 10, 3, 2),
(90, 3, 1, 9, 10, 3, 2),
(91, 4, 1, 2, 1, 5, 2),
(92, 4, 1, 4, 1, 5, 2),
(93, 4, 1, 6, 1, 5, 2),
(94, 4, 1, 8, 1, 5, 2),
(95, 4, 1, 10, 1, 5, 2),
(96, 4, 1, 1, 2, 5, 2),
(97, 4, 1, 3, 2, 5, 2),
(98, 4, 1, 5, 2, 5, 2),
(99, 4, 1, 7, 2, 5, 2),
(100, 4, 1, 9, 2, 5, 2),
(101, 4, 1, 2, 3, 5, 2),
(102, 4, 1, 4, 3, 5, 2),
(103, 4, 1, 6, 3, 5, 2),
(104, 4, 1, 8, 3, 5, 2),
(105, 4, 1, 10, 3, 5, 2),
(106, 4, 1, 1, 4, 5, 2),
(107, 4, 1, 3, 4, 5, 2),
(108, 4, 1, 5, 4, 5, 2),
(109, 4, 1, 7, 4, 5, 2),
(110, 4, 1, 9, 4, 5, 2),
(111, 4, 1, 1, 6, 1, 1),
(112, 4, 1, 3, 6, 1, 1),
(113, 4, 1, 5, 6, 1, 1),
(114, 4, 1, 7, 6, 1, 1),
(115, 4, 1, 9, 6, 1, 1),
(116, 4, 1, 2, 7, 1, 1),
(117, 4, 1, 4, 7, 1, 1),
(118, 4, 1, 6, 7, 1, 1),
(119, 4, 1, 8, 7, 1, 1),
(120, 4, 1, 10, 7, 1, 1),
(121, 4, 1, 1, 8, 1, 1),
(122, 4, 1, 3, 8, 1, 1),
(123, 4, 1, 5, 8, 1, 1),
(124, 4, 1, 7, 8, 1, 1),
(125, 4, 1, 9, 8, 1, 1),
(126, 4, 1, 2, 9, 1, 1),
(127, 4, 1, 4, 9, 1, 1),
(128, 4, 1, 6, 9, 1, 1),
(129, 4, 1, 8, 9, 1, 1),
(130, 4, 1, 10, 9, 1, 1),
(131, 4, 1, 1, 10, 1, 1),
(132, 4, 1, 3, 10, 1, 1),
(133, 4, 1, 5, 10, 1, 1),
(134, 4, 1, 7, 10, 1, 1),
(135, 4, 1, 9, 10, 1, 1),
(136, 5, 1, 2, 1, 5, 2),
(137, 5, 1, 4, 1, 5, 2),
(138, 5, 1, 6, 1, 5, 2),
(139, 5, 1, 8, 1, 5, 2),
(140, 5, 1, 10, 1, 5, 2),
(141, 5, 1, 1, 2, 5, 2),
(142, 5, 1, 3, 2, 5, 2),
(143, 5, 1, 5, 2, 5, 2),
(144, 5, 1, 7, 2, 5, 2),
(145, 5, 1, 9, 2, 5, 2),
(146, 5, 1, 2, 3, 5, 2),
(147, 5, 1, 4, 3, 5, 2),
(148, 5, 1, 6, 3, 5, 2),
(149, 5, 1, 8, 3, 5, 2),
(150, 5, 1, 10, 3, 5, 2),
(151, 5, 1, 1, 4, 5, 2),
(152, 5, 1, 3, 4, 5, 2),
(153, 5, 1, 5, 4, 5, 2),
(154, 5, 1, 7, 4, 5, 2),
(155, 5, 1, 9, 4, 5, 2),
(156, 5, 1, 1, 6, 1, 1),
(157, 5, 1, 3, 6, 1, 1),
(158, 5, 1, 5, 6, 1, 1),
(159, 5, 1, 7, 6, 1, 1),
(160, 5, 1, 9, 6, 1, 1),
(161, 5, 1, 2, 7, 1, 1),
(162, 5, 1, 4, 7, 1, 1),
(163, 5, 1, 6, 7, 1, 1),
(164, 5, 1, 8, 7, 1, 1),
(165, 5, 1, 10, 7, 1, 1),
(166, 5, 1, 1, 8, 1, 1),
(167, 5, 1, 3, 8, 1, 1),
(168, 5, 1, 5, 8, 1, 1),
(169, 5, 1, 7, 8, 1, 1),
(170, 5, 1, 9, 8, 1, 1),
(171, 5, 1, 2, 9, 1, 1),
(172, 5, 1, 4, 9, 1, 1),
(173, 5, 1, 6, 9, 1, 1),
(174, 5, 1, 8, 9, 1, 1),
(175, 5, 1, 10, 9, 1, 1),
(176, 5, 1, 1, 10, 1, 1),
(177, 5, 1, 3, 10, 1, 1),
(178, 5, 1, 5, 10, 1, 1),
(179, 5, 1, 7, 10, 1, 1),
(180, 5, 1, 9, 10, 1, 1),
(181, 6, 1, 2, 1, 5, 2),
(182, 6, 1, 4, 1, 5, 2),
(183, 6, 1, 6, 1, 5, 2),
(184, 6, 1, 8, 1, 5, 2),
(185, 6, 1, 10, 1, 5, 2),
(186, 6, 1, 1, 2, 5, 2),
(187, 6, 1, 3, 2, 5, 2),
(188, 6, 1, 5, 2, 5, 2),
(189, 6, 1, 7, 2, 5, 2),
(190, 6, 1, 9, 2, 5, 2),
(191, 6, 1, 2, 3, 5, 2),
(192, 6, 1, 4, 3, 5, 2),
(193, 6, 1, 6, 3, 5, 2),
(194, 6, 1, 8, 3, 5, 2),
(195, 6, 1, 10, 3, 5, 2),
(196, 6, 1, 1, 4, 5, 2),
(197, 6, 1, 3, 4, 5, 2),
(198, 6, 1, 5, 4, 5, 2),
(199, 6, 1, 7, 4, 5, 2),
(200, 6, 1, 9, 4, 5, 2),
(201, 6, 1, 1, 6, 1, 1),
(202, 6, 1, 3, 6, 1, 1),
(203, 6, 1, 5, 6, 1, 1),
(204, 6, 1, 7, 6, 1, 1),
(205, 6, 1, 9, 6, 1, 1),
(206, 6, 1, 2, 7, 1, 1),
(207, 6, 1, 4, 7, 1, 1),
(208, 6, 1, 6, 7, 1, 1),
(209, 6, 1, 8, 7, 1, 1),
(210, 6, 1, 10, 7, 1, 1),
(211, 6, 1, 1, 8, 1, 1),
(212, 6, 1, 3, 8, 1, 1),
(213, 6, 1, 5, 8, 1, 1),
(214, 6, 1, 7, 8, 1, 1),
(215, 6, 1, 9, 8, 1, 1),
(216, 6, 1, 2, 9, 1, 1),
(217, 6, 1, 4, 9, 1, 1),
(218, 6, 1, 6, 9, 1, 1),
(219, 6, 1, 8, 9, 1, 1),
(220, 6, 1, 10, 9, 1, 1),
(221, 6, 1, 1, 10, 1, 1),
(222, 6, 1, 3, 10, 1, 1),
(223, 6, 1, 5, 10, 1, 1),
(224, 6, 1, 7, 10, 1, 1),
(225, 6, 1, 9, 10, 1, 1),
(226, 7, 1, 2, 1, 5, 2),
(227, 7, 1, 4, 1, 5, 2),
(228, 7, 1, 6, 1, 5, 2),
(229, 7, 1, 8, 1, 5, 2),
(230, 7, 1, 10, 1, 5, 2),
(231, 7, 1, 1, 2, 5, 2),
(232, 7, 1, 3, 2, 5, 2),
(233, 7, 1, 5, 2, 5, 2),
(234, 7, 1, 7, 2, 5, 2),
(235, 7, 1, 9, 2, 5, 2),
(236, 7, 1, 2, 3, 5, 2),
(237, 7, 1, 4, 3, 5, 2),
(238, 7, 1, 6, 3, 5, 2),
(239, 7, 1, 8, 3, 5, 2),
(240, 7, 1, 10, 3, 5, 2),
(241, 7, 1, 1, 4, 5, 2),
(242, 7, 1, 3, 4, 5, 2),
(243, 7, 1, 5, 4, 5, 2),
(244, 7, 1, 7, 4, 5, 2),
(245, 7, 1, 9, 4, 5, 2),
(246, 7, 1, 2, 7, 1, 1),
(247, 7, 1, 4, 7, 1, 1),
(248, 7, 1, 6, 7, 1, 1),
(249, 7, 1, 8, 7, 1, 1),
(250, 7, 1, 10, 7, 1, 1),
(251, 7, 1, 1, 8, 1, 1),
(252, 7, 1, 3, 8, 1, 1),
(253, 7, 1, 5, 8, 1, 1),
(254, 7, 1, 7, 8, 1, 1),
(255, 7, 1, 9, 8, 1, 1),
(256, 7, 1, 2, 9, 1, 1),
(257, 7, 1, 4, 9, 1, 1),
(258, 7, 1, 6, 9, 1, 1),
(259, 7, 1, 8, 9, 1, 1),
(260, 7, 1, 10, 9, 1, 1),
(261, 7, 1, 1, 10, 1, 1),
(262, 7, 1, 3, 10, 1, 1),
(263, 7, 1, 5, 10, 1, 1),
(264, 7, 1, 7, 10, 1, 1),
(265, 7, 1, 9, 10, 1, 1),
(266, 8, 1, 2, 1, 5, 1),
(267, 8, 1, 4, 1, 5, 1),
(268, 8, 1, 6, 1, 5, 1),
(269, 8, 1, 8, 1, 5, 1),
(270, 8, 1, 10, 1, 5, 1),
(271, 8, 1, 1, 2, 5, 1),
(272, 8, 1, 3, 2, 5, 1),
(273, 8, 1, 5, 2, 5, 1),
(274, 8, 1, 7, 2, 5, 1),
(275, 8, 1, 9, 2, 5, 1),
(276, 8, 1, 2, 3, 5, 1),
(277, 8, 1, 4, 3, 5, 1),
(278, 8, 1, 6, 3, 5, 1),
(279, 8, 1, 8, 3, 5, 1),
(280, 8, 1, 10, 3, 5, 1),
(281, 8, 1, 1, 4, 5, 1),
(282, 8, 1, 3, 4, 5, 1),
(283, 8, 1, 5, 4, 5, 1),
(284, 8, 1, 7, 4, 5, 1),
(285, 8, 1, 9, 4, 5, 1),
(286, 8, 1, 2, 7, 3, 2),
(287, 8, 1, 4, 7, 3, 2),
(288, 8, 1, 6, 7, 3, 2),
(289, 8, 1, 8, 7, 3, 2),
(290, 8, 1, 10, 7, 3, 2),
(291, 8, 1, 1, 8, 3, 2),
(292, 8, 1, 3, 8, 3, 2),
(293, 8, 1, 5, 8, 3, 2),
(294, 8, 1, 7, 8, 3, 2),
(295, 8, 1, 9, 8, 3, 2),
(296, 8, 1, 2, 9, 3, 2),
(297, 8, 1, 4, 9, 3, 2),
(298, 8, 1, 6, 9, 3, 2),
(299, 8, 1, 8, 9, 3, 2),
(300, 8, 1, 10, 9, 3, 2),
(301, 8, 1, 1, 10, 3, 2),
(302, 8, 1, 3, 10, 3, 2),
(303, 8, 1, 5, 10, 3, 2),
(304, 8, 1, 7, 10, 3, 2),
(305, 8, 1, 9, 10, 3, 2),
(306, 9, 1, 2, 1, 5, 1),
(307, 9, 1, 4, 1, 5, 1),
(308, 9, 1, 6, 1, 5, 1),
(309, 9, 1, 8, 1, 5, 1),
(310, 9, 1, 10, 1, 5, 1),
(311, 9, 1, 1, 2, 5, 1),
(312, 9, 1, 3, 2, 5, 1),
(313, 9, 1, 5, 2, 5, 1),
(314, 9, 1, 7, 2, 5, 1),
(315, 9, 1, 9, 2, 5, 1),
(316, 9, 1, 2, 3, 5, 1),
(317, 9, 1, 4, 3, 5, 1),
(318, 9, 1, 6, 3, 5, 1),
(319, 9, 1, 8, 3, 5, 1),
(320, 9, 1, 10, 3, 5, 1),
(321, 9, 1, 1, 4, 5, 1),
(322, 9, 1, 3, 4, 5, 1),
(323, 9, 1, 5, 4, 5, 1),
(324, 9, 1, 7, 4, 5, 1),
(325, 9, 1, 9, 4, 5, 1),
(326, 9, 1, 2, 7, 2, 2),
(327, 9, 1, 4, 7, 2, 2),
(328, 9, 1, 6, 7, 2, 2),
(329, 9, 1, 8, 7, 2, 2),
(330, 9, 1, 10, 7, 2, 2),
(331, 9, 1, 1, 8, 2, 2),
(332, 9, 1, 3, 8, 2, 2),
(333, 9, 1, 5, 8, 2, 2),
(334, 9, 1, 7, 8, 2, 2),
(335, 9, 1, 9, 8, 2, 2),
(336, 9, 1, 2, 9, 2, 2),
(337, 9, 1, 4, 9, 2, 2),
(338, 9, 1, 6, 9, 2, 2),
(339, 9, 1, 8, 9, 2, 2),
(340, 9, 1, 10, 9, 2, 2),
(341, 9, 1, 1, 10, 2, 2),
(342, 9, 1, 3, 10, 2, 2),
(343, 9, 1, 5, 10, 2, 2),
(344, 9, 1, 7, 10, 2, 2),
(345, 9, 1, 9, 10, 2, 2),
(346, 10, 1, 2, 1, 5, 1),
(347, 10, 1, 4, 1, 5, 1),
(348, 10, 1, 6, 1, 5, 1),
(349, 10, 1, 8, 1, 5, 1),
(350, 10, 1, 10, 1, 5, 1),
(351, 10, 1, 1, 2, 5, 1),
(352, 10, 1, 3, 2, 5, 1),
(353, 10, 1, 5, 2, 5, 1),
(354, 10, 1, 7, 2, 5, 1),
(355, 10, 1, 9, 2, 5, 1),
(356, 10, 1, 2, 3, 5, 1),
(357, 10, 1, 4, 3, 5, 1),
(358, 10, 1, 6, 3, 5, 1),
(359, 10, 1, 8, 3, 5, 1),
(360, 10, 1, 10, 3, 5, 1),
(361, 10, 1, 1, 4, 5, 1),
(362, 10, 1, 3, 4, 5, 1),
(363, 10, 1, 5, 4, 5, 1),
(364, 10, 1, 7, 4, 5, 1),
(365, 10, 1, 9, 4, 5, 1),
(366, 10, 1, 2, 7, 4, 2),
(367, 10, 1, 4, 7, 4, 2),
(368, 10, 1, 6, 7, 4, 2),
(369, 10, 1, 8, 7, 4, 2),
(370, 10, 1, 10, 7, 4, 2),
(371, 10, 1, 1, 8, 4, 2),
(372, 10, 1, 3, 8, 4, 2),
(373, 10, 1, 5, 8, 4, 2),
(374, 10, 1, 7, 8, 4, 2),
(375, 10, 1, 9, 8, 4, 2),
(376, 10, 1, 2, 9, 4, 2),
(377, 10, 1, 4, 9, 4, 2),
(378, 10, 1, 6, 9, 4, 2),
(379, 10, 1, 8, 9, 4, 2),
(380, 10, 1, 10, 9, 4, 2),
(381, 10, 1, 1, 10, 4, 2),
(382, 10, 1, 3, 10, 4, 2),
(383, 10, 1, 5, 10, 4, 2),
(384, 10, 1, 7, 10, 4, 2),
(385, 10, 1, 9, 10, 4, 2),
(386, 11, 1, 2, 1, 5, 1),
(387, 11, 1, 4, 1, 5, 1),
(388, 11, 1, 6, 1, 5, 1),
(389, 11, 1, 8, 1, 5, 1),
(390, 11, 1, 10, 1, 5, 1),
(391, 11, 1, 1, 2, 5, 1),
(392, 11, 1, 3, 2, 5, 1),
(393, 11, 1, 5, 2, 5, 1),
(394, 11, 1, 7, 2, 5, 1),
(395, 11, 1, 9, 2, 5, 1),
(396, 11, 1, 2, 3, 5, 1),
(397, 11, 1, 4, 3, 5, 1),
(398, 11, 1, 6, 3, 5, 1),
(399, 11, 1, 8, 3, 5, 1),
(400, 11, 1, 10, 3, 5, 1),
(401, 11, 1, 1, 4, 5, 1),
(402, 11, 1, 3, 4, 5, 1),
(403, 11, 1, 5, 4, 5, 1),
(404, 11, 1, 7, 4, 5, 1),
(405, 11, 1, 9, 4, 5, 1),
(406, 11, 1, 2, 7, 2, 2),
(407, 11, 1, 4, 7, 2, 2),
(408, 11, 1, 6, 7, 2, 2),
(409, 11, 1, 8, 7, 2, 2),
(410, 11, 1, 10, 7, 2, 2),
(411, 11, 1, 1, 8, 2, 2),
(412, 11, 1, 3, 8, 2, 2),
(413, 11, 1, 5, 8, 2, 2),
(414, 11, 1, 7, 8, 2, 2),
(415, 11, 1, 9, 8, 2, 2),
(416, 11, 1, 2, 9, 2, 2),
(417, 11, 1, 4, 9, 2, 2),
(418, 11, 1, 6, 9, 2, 2),
(419, 11, 1, 8, 9, 2, 2),
(420, 11, 1, 10, 9, 2, 2),
(421, 11, 1, 1, 10, 2, 2),
(422, 11, 1, 3, 10, 2, 2),
(423, 11, 1, 5, 10, 2, 2),
(424, 11, 1, 7, 10, 2, 2),
(425, 11, 1, 9, 10, 2, 2),
(426, 12, 1, 2, 1, 5, 2),
(427, 12, 1, 4, 1, 5, 2),
(428, 12, 1, 6, 1, 5, 2),
(429, 12, 1, 8, 1, 5, 2),
(430, 12, 1, 10, 1, 5, 2),
(431, 12, 1, 1, 2, 5, 2),
(432, 12, 1, 3, 2, 5, 2),
(433, 12, 1, 5, 2, 5, 2),
(434, 12, 1, 7, 2, 5, 2),
(435, 12, 1, 9, 2, 5, 2),
(436, 12, 1, 2, 3, 5, 2),
(437, 12, 1, 4, 3, 5, 2),
(438, 12, 1, 6, 3, 5, 2),
(439, 12, 1, 8, 3, 5, 2),
(440, 12, 1, 10, 3, 5, 2),
(441, 12, 1, 1, 4, 5, 2),
(442, 12, 1, 3, 4, 5, 2),
(443, 12, 1, 5, 4, 5, 2),
(444, 12, 1, 7, 4, 5, 2),
(445, 12, 1, 9, 4, 5, 2),
(446, 12, 1, 2, 7, 4, 1),
(447, 12, 1, 4, 7, 4, 1),
(448, 12, 1, 6, 7, 4, 1),
(449, 12, 1, 8, 7, 4, 1),
(450, 12, 1, 10, 7, 4, 1),
(451, 12, 1, 1, 8, 4, 1),
(452, 12, 1, 3, 8, 4, 1),
(453, 12, 1, 5, 8, 4, 1),
(454, 12, 1, 7, 8, 4, 1),
(455, 12, 1, 9, 8, 4, 1),
(456, 12, 1, 2, 9, 4, 1),
(457, 12, 1, 4, 9, 4, 1),
(458, 12, 1, 6, 9, 4, 1),
(459, 12, 1, 8, 9, 4, 1),
(460, 12, 1, 10, 9, 4, 1),
(461, 12, 1, 1, 10, 4, 1),
(462, 12, 1, 3, 10, 4, 1),
(463, 12, 1, 5, 10, 4, 1),
(464, 12, 1, 7, 10, 4, 1),
(465, 12, 1, 9, 10, 4, 1),
(466, 13, 1, 2, 1, 5, 1),
(467, 13, 1, 4, 1, 5, 1),
(468, 13, 1, 6, 1, 5, 1),
(469, 13, 1, 8, 1, 5, 1),
(470, 13, 1, 10, 1, 5, 1),
(471, 13, 1, 1, 2, 5, 1),
(472, 13, 1, 3, 2, 5, 1),
(473, 13, 1, 5, 2, 5, 1),
(474, 13, 1, 7, 2, 5, 1),
(475, 13, 1, 9, 2, 5, 1),
(476, 13, 1, 2, 3, 5, 1),
(477, 13, 1, 4, 3, 5, 1),
(478, 13, 1, 6, 3, 5, 1),
(479, 13, 1, 8, 3, 5, 1),
(480, 13, 1, 10, 3, 5, 1),
(481, 13, 1, 1, 4, 5, 1),
(482, 13, 1, 3, 4, 5, 1),
(483, 13, 1, 5, 4, 5, 1),
(484, 13, 1, 7, 4, 5, 1),
(485, 13, 1, 9, 4, 5, 1),
(486, 13, 1, 2, 7, 2, 2),
(487, 13, 1, 4, 7, 2, 2),
(488, 13, 1, 6, 7, 2, 2),
(489, 13, 1, 8, 7, 2, 2),
(490, 13, 1, 10, 7, 2, 2),
(491, 13, 1, 1, 8, 2, 2),
(492, 13, 1, 3, 8, 2, 2),
(493, 13, 1, 5, 8, 2, 2),
(494, 13, 1, 7, 8, 2, 2),
(495, 13, 1, 9, 8, 2, 2),
(496, 13, 1, 2, 9, 2, 2),
(497, 13, 1, 4, 9, 2, 2),
(498, 13, 1, 6, 9, 2, 2),
(499, 13, 1, 8, 9, 2, 2),
(500, 13, 1, 10, 9, 2, 2),
(501, 13, 1, 1, 10, 2, 2),
(502, 13, 1, 3, 10, 2, 2),
(503, 13, 1, 5, 10, 2, 2),
(504, 13, 1, 7, 10, 2, 2),
(505, 13, 1, 9, 10, 2, 2),
(506, 14, 1, 2, 1, 5, 1),
(507, 14, 1, 4, 1, 5, 1),
(508, 14, 1, 6, 1, 5, 1),
(509, 14, 1, 8, 1, 5, 1),
(510, 14, 1, 10, 1, 5, 1),
(511, 14, 1, 1, 2, 5, 1),
(512, 14, 1, 3, 2, 5, 1),
(513, 14, 1, 5, 2, 5, 1),
(514, 14, 1, 7, 2, 5, 1),
(515, 14, 1, 9, 2, 5, 1),
(516, 14, 1, 2, 3, 5, 1),
(517, 14, 1, 4, 3, 5, 1),
(518, 14, 1, 6, 3, 5, 1),
(519, 14, 1, 8, 3, 5, 1),
(520, 14, 1, 10, 3, 5, 1),
(521, 14, 1, 1, 4, 5, 1),
(522, 14, 1, 3, 4, 5, 1),
(523, 14, 1, 5, 4, 5, 1),
(524, 14, 1, 7, 4, 5, 1),
(525, 14, 1, 9, 4, 5, 1),
(526, 14, 1, 2, 7, 3, 2),
(527, 14, 1, 4, 7, 3, 2),
(528, 14, 1, 6, 7, 3, 2),
(529, 14, 1, 8, 7, 3, 2),
(530, 14, 1, 10, 7, 3, 2),
(531, 14, 1, 1, 8, 3, 2),
(532, 14, 1, 3, 8, 3, 2),
(533, 14, 1, 5, 8, 3, 2),
(534, 14, 1, 7, 8, 3, 2),
(535, 14, 1, 9, 8, 3, 2),
(536, 14, 1, 2, 9, 3, 2),
(537, 14, 1, 4, 9, 3, 2),
(538, 14, 1, 6, 9, 3, 2),
(539, 14, 1, 8, 9, 3, 2),
(540, 14, 1, 10, 9, 3, 2),
(541, 14, 1, 1, 10, 3, 2),
(542, 14, 1, 3, 10, 3, 2),
(543, 14, 1, 5, 10, 3, 2),
(544, 14, 1, 7, 10, 3, 2),
(545, 14, 1, 9, 10, 3, 2),
(546, 15, 1, 2, 1, 5, 1),
(547, 15, 1, 4, 1, 5, 1),
(548, 15, 1, 6, 1, 5, 1),
(549, 15, 1, 8, 1, 5, 1),
(550, 15, 1, 10, 1, 5, 1),
(551, 15, 1, 1, 2, 5, 1),
(552, 15, 1, 3, 2, 5, 1),
(553, 15, 1, 5, 2, 5, 1),
(554, 15, 1, 7, 2, 5, 1),
(555, 15, 1, 9, 2, 5, 1),
(556, 15, 1, 2, 3, 5, 1),
(557, 15, 1, 4, 3, 5, 1),
(558, 15, 1, 6, 3, 5, 1),
(559, 15, 1, 8, 3, 5, 1),
(560, 15, 1, 10, 3, 5, 1),
(561, 15, 1, 1, 4, 5, 1),
(562, 15, 1, 3, 4, 5, 1),
(563, 15, 1, 5, 4, 5, 1),
(564, 15, 1, 7, 4, 5, 1),
(565, 15, 1, 9, 4, 5, 1),
(566, 15, 1, 2, 7, 3, 2),
(567, 15, 1, 0, 7, 3, 2),
(568, 15, 1, 6, 7, 3, 2),
(569, 15, 1, 8, 7, 3, 2),
(570, 15, 1, 10, 7, 3, 2),
(571, 15, 1, 1, 8, 3, 2),
(572, 15, 1, 3, 8, 3, 2),
(573, 15, 1, 5, 8, 3, 2),
(574, 15, 1, 7, 8, 3, 2),
(575, 15, 1, 9, 8, 3, 2),
(576, 15, 1, 2, 9, 3, 2),
(577, 15, 1, 4, 9, 3, 2),
(578, 15, 1, 6, 9, 3, 2),
(579, 15, 1, 8, 9, 3, 2),
(580, 15, 1, 10, 9, 3, 2),
(581, 15, 1, 1, 10, 3, 2),
(582, 15, 1, 3, 10, 3, 2),
(583, 15, 1, 5, 10, 3, 2),
(584, 15, 1, 7, 10, 3, 2),
(585, 15, 1, 9, 10, 3, 2),
(586, 16, 1, 2, 1, 5, 1),
(587, 16, 1, 4, 1, 5, 1),
(588, 16, 1, 6, 1, 5, 1),
(589, 16, 1, 8, 1, 5, 1),
(590, 16, 1, 10, 1, 5, 1),
(591, 16, 1, 1, 2, 5, 1),
(592, 16, 1, 3, 2, 5, 1),
(593, 16, 1, 5, 2, 5, 1),
(594, 16, 1, 7, 2, 5, 1),
(595, 16, 1, 9, 2, 5, 1),
(596, 16, 1, 2, 3, 5, 1),
(597, 16, 1, 4, 3, 5, 1),
(598, 16, 1, 6, 3, 5, 1),
(599, 16, 1, 8, 3, 5, 1),
(600, 16, 1, 10, 3, 5, 1),
(601, 16, 1, 0, 4, 5, 1),
(602, 16, 1, 0, 4, 5, 1),
(603, 16, 1, 5, 4, 5, 1),
(604, 16, 1, 7, 4, 5, 1),
(605, 16, 1, 9, 4, 5, 1),
(606, 16, 1, 0, 7, 2, 2),
(607, 16, 1, 0, 7, 2, 2),
(608, 16, 1, 6, 7, 2, 2),
(609, 16, 1, 8, 7, 2, 2),
(610, 16, 1, 10, 7, 2, 2),
(611, 16, 1, 1, 8, 2, 2),
(612, 16, 1, 3, 8, 2, 2),
(613, 16, 1, 5, 8, 2, 2),
(614, 16, 1, 7, 8, 2, 2),
(615, 16, 1, 9, 8, 2, 2),
(616, 16, 1, 2, 9, 2, 2),
(617, 16, 1, 4, 9, 2, 2),
(618, 16, 1, 6, 9, 2, 2),
(619, 16, 1, 8, 9, 2, 2),
(620, 16, 1, 10, 9, 2, 2),
(621, 16, 1, 1, 10, 2, 2),
(622, 16, 1, 3, 10, 2, 2),
(623, 16, 1, 5, 10, 2, 2),
(624, 16, 1, 7, 10, 2, 2),
(625, 16, 1, 9, 10, 2, 2),
(626, 17, 1, 2, 1, 5, 1),
(627, 17, 1, 4, 1, 5, 1),
(628, 17, 1, 6, 1, 5, 1),
(629, 17, 1, 8, 1, 5, 1),
(630, 17, 1, 10, 1, 5, 1),
(631, 17, 1, 1, 2, 5, 1),
(632, 17, 1, 3, 2, 5, 1),
(633, 17, 1, 5, 2, 5, 1),
(634, 17, 1, 7, 2, 5, 1),
(635, 17, 1, 9, 2, 5, 1),
(636, 17, 1, 2, 3, 5, 1),
(637, 17, 1, 4, 3, 5, 1),
(638, 17, 1, 6, 3, 5, 1),
(639, 17, 1, 8, 3, 5, 1),
(640, 17, 1, 10, 3, 5, 1),
(641, 17, 1, 0, 4, 5, 1),
(642, 17, 1, 3, 4, 5, 1),
(643, 17, 1, 5, 4, 5, 1),
(644, 17, 1, 7, 4, 5, 1),
(645, 17, 1, 9, 4, 5, 1),
(646, 17, 1, 2, 7, 3, 2),
(647, 17, 1, 4, 7, 3, 2),
(648, 17, 1, 6, 7, 3, 2),
(649, 17, 1, 8, 7, 3, 2),
(650, 17, 1, 10, 7, 3, 2),
(651, 17, 1, 1, 8, 3, 2),
(652, 17, 1, 3, 8, 3, 2),
(653, 17, 1, 5, 8, 3, 2),
(654, 17, 1, 7, 8, 3, 2),
(655, 17, 1, 9, 8, 3, 2),
(656, 17, 1, 2, 9, 3, 2),
(657, 17, 1, 4, 9, 3, 2),
(658, 17, 1, 6, 9, 3, 2),
(659, 17, 1, 8, 9, 3, 2),
(660, 17, 1, 10, 9, 3, 2),
(661, 17, 1, 1, 10, 3, 2),
(662, 17, 1, 3, 10, 3, 2),
(663, 17, 1, 5, 10, 3, 2),
(664, 17, 1, 7, 10, 3, 2),
(665, 17, 1, 9, 10, 3, 2),
(666, 18, 1, 0, 2, 5, 1),
(667, 18, 1, 0, 5, 5, 1),
(668, 18, 1, 0, 1, 5, 1),
(669, 18, 1, 0, 3, 5, 1),
(670, 18, 1, 0, 2, 5, 1),
(671, 18, 1, 0, 4, 5, 1),
(672, 18, 1, 0, 1, 5, 1),
(673, 18, 1, 0, 3, 5, 1),
(674, 18, 1, 0, 2, 5, 1),
(675, 18, 1, 0, 4, 5, 1),
(676, 18, 1, 0, 1, 5, 1),
(677, 18, 1, 0, 3, 5, 1),
(678, 18, 1, 0, 2, 5, 1),
(679, 18, 1, 0, 4, 5, 1),
(680, 18, 1, 0, 1, 5, 1),
(681, 18, 1, 0, 3, 5, 1),
(682, 18, 1, 0, 2, 5, 1),
(683, 18, 1, 0, 4, 5, 1),
(684, 18, 1, 10, 1, 5, 1),
(685, 18, 1, 0, 3, 5, 1),
(686, 18, 1, 0, 7, 1, 2),
(687, 18, 1, 0, 7, 1, 2),
(688, 18, 1, 0, 7, 1, 2),
(689, 18, 1, 0, 7, 1, 2),
(690, 18, 1, 0, 7, 1, 2),
(691, 18, 1, 0, 8, 1, 2),
(692, 18, 1, 3, 8, 1, 2),
(693, 18, 1, 5, 8, 1, 2),
(694, 18, 1, 7, 8, 1, 2),
(695, 18, 1, 9, 8, 1, 2),
(696, 18, 1, 2, 9, 1, 2),
(697, 18, 1, 4, 9, 1, 2),
(698, 18, 1, 6, 9, 1, 2),
(699, 18, 1, 8, 9, 1, 2),
(700, 18, 1, 10, 9, 1, 2),
(701, 18, 1, 1, 10, 1, 2),
(702, 18, 1, 3, 10, 1, 2),
(703, 18, 1, 5, 10, 1, 2),
(704, 18, 1, 7, 10, 1, 2),
(705, 18, 1, 9, 10, 1, 2),
(706, 19, 1, 1, 2, 5, 2),
(707, 19, 1, 0, 4, 5, 2),
(708, 19, 1, 2, 1, 5, 2),
(709, 19, 1, 2, 3, 5, 2),
(710, 19, 1, 3, 2, 5, 2),
(711, 19, 1, 3, 4, 5, 2),
(712, 19, 1, 4, 1, 5, 2),
(713, 19, 1, 4, 3, 5, 2),
(714, 19, 1, 5, 2, 5, 2),
(715, 19, 1, 5, 4, 5, 2),
(716, 19, 1, 6, 1, 5, 2),
(717, 19, 1, 6, 3, 5, 2),
(718, 19, 1, 7, 2, 5, 2),
(719, 19, 1, 7, 4, 5, 2),
(720, 19, 1, 8, 1, 5, 2),
(721, 19, 1, 8, 3, 5, 2),
(722, 19, 1, 9, 2, 5, 2),
(723, 19, 1, 9, 4, 5, 2),
(724, 19, 1, 10, 1, 5, 2),
(725, 19, 1, 10, 3, 5, 2),
(726, 19, 1, 0, 7, 2, 1),
(727, 19, 1, 4, 7, 2, 1),
(728, 19, 1, 6, 7, 2, 1),
(729, 19, 1, 8, 7, 2, 1),
(730, 19, 1, 10, 7, 2, 1),
(731, 19, 1, 1, 8, 2, 1),
(732, 19, 1, 3, 8, 2, 1),
(733, 19, 1, 5, 8, 2, 1),
(734, 19, 1, 7, 8, 2, 1),
(735, 19, 1, 9, 8, 2, 1),
(736, 19, 1, 2, 9, 2, 1),
(737, 19, 1, 4, 9, 2, 1),
(738, 19, 1, 6, 9, 2, 1),
(739, 19, 1, 8, 9, 2, 1),
(740, 19, 1, 10, 9, 2, 1),
(741, 19, 1, 1, 10, 2, 1),
(742, 19, 1, 3, 10, 2, 1),
(743, 19, 1, 5, 10, 2, 1),
(744, 19, 1, 7, 10, 2, 1),
(745, 19, 1, 9, 10, 2, 1),
(746, 20, 1, 0, 2, 5, 1),
(747, 20, 1, 1, 4, 5, 1),
(748, 20, 1, 2, 1, 5, 1),
(749, 20, 1, 2, 3, 5, 1),
(750, 20, 1, 3, 2, 5, 1),
(751, 20, 1, 0, 4, 5, 1),
(752, 20, 1, 4, 1, 5, 1),
(753, 20, 1, 4, 3, 5, 1),
(754, 20, 1, 5, 2, 5, 1),
(755, 20, 1, 5, 4, 5, 1),
(756, 20, 1, 6, 1, 5, 1),
(757, 20, 1, 6, 3, 5, 1),
(758, 20, 1, 7, 2, 5, 1),
(759, 20, 1, 7, 4, 5, 1),
(760, 20, 1, 8, 1, 5, 1),
(761, 20, 1, 8, 3, 5, 1),
(762, 20, 1, 9, 2, 5, 1),
(763, 20, 1, 9, 4, 5, 1),
(764, 20, 1, 10, 1, 5, 1),
(765, 20, 1, 10, 3, 5, 1),
(766, 20, 1, 2, 7, 2, 2),
(767, 20, 1, 4, 7, 2, 2),
(768, 20, 1, 6, 7, 2, 2),
(769, 20, 1, 8, 7, 2, 2),
(770, 20, 1, 10, 7, 2, 2),
(771, 20, 1, 1, 8, 2, 2),
(772, 20, 1, 3, 8, 2, 2),
(773, 20, 1, 5, 8, 2, 2),
(774, 20, 1, 7, 8, 2, 2),
(775, 20, 1, 9, 8, 2, 2),
(776, 20, 1, 2, 9, 2, 2),
(777, 20, 1, 4, 9, 2, 2),
(778, 20, 1, 6, 9, 2, 2),
(779, 20, 1, 8, 9, 2, 2),
(780, 20, 1, 10, 9, 2, 2),
(781, 20, 1, 1, 10, 2, 2),
(782, 20, 1, 3, 10, 2, 2),
(783, 20, 1, 5, 10, 2, 2),
(784, 20, 1, 7, 10, 2, 2),
(785, 20, 1, 9, 10, 2, 2),
(786, 21, 1, 1, 2, 5, 1),
(787, 21, 1, 0, 4, 5, 1),
(788, 21, 1, 2, 1, 5, 1),
(789, 21, 1, 2, 3, 5, 1),
(790, 21, 1, 3, 2, 5, 1),
(791, 21, 1, 0, 4, 5, 1),
(792, 21, 1, 4, 1, 5, 1),
(793, 21, 1, 4, 3, 5, 1),
(794, 21, 1, 5, 2, 5, 1),
(795, 21, 1, 5, 4, 5, 1),
(796, 21, 1, 6, 1, 5, 1),
(797, 21, 1, 6, 3, 5, 1),
(798, 21, 1, 7, 2, 5, 1),
(799, 21, 1, 7, 4, 5, 1),
(800, 21, 1, 8, 1, 5, 1),
(801, 21, 1, 8, 3, 5, 1),
(802, 21, 1, 9, 2, 5, 1),
(803, 21, 1, 9, 4, 5, 1),
(804, 21, 1, 10, 1, 5, 1),
(805, 21, 1, 10, 3, 5, 1),
(806, 21, 1, 0, 7, 2, 2),
(807, 21, 1, 0, 7, 2, 2),
(808, 21, 1, 6, 7, 2, 2),
(809, 21, 1, 8, 7, 2, 2),
(810, 21, 1, 10, 7, 2, 2),
(811, 21, 1, 1, 8, 2, 2),
(812, 21, 1, 3, 8, 2, 2),
(813, 21, 1, 5, 8, 2, 2),
(814, 21, 1, 7, 8, 2, 2),
(815, 21, 1, 9, 8, 2, 2),
(816, 21, 1, 2, 9, 2, 2),
(817, 21, 1, 4, 9, 2, 2),
(818, 21, 1, 6, 9, 2, 2),
(819, 21, 1, 8, 9, 2, 2),
(820, 21, 1, 10, 9, 2, 2),
(821, 21, 1, 1, 10, 2, 2),
(822, 21, 1, 3, 10, 2, 2),
(823, 21, 1, 5, 10, 2, 2),
(824, 21, 1, 7, 10, 2, 2),
(825, 21, 1, 9, 10, 2, 2),
(826, 22, 1, 1, 2, 5, 1),
(827, 22, 1, 0, 4, 5, 1),
(828, 22, 1, 2, 1, 5, 1),
(829, 22, 1, 2, 3, 5, 1),
(830, 22, 1, 3, 2, 5, 1),
(831, 22, 1, 3, 4, 5, 1),
(832, 22, 1, 4, 1, 5, 1),
(833, 22, 1, 4, 3, 5, 1),
(834, 22, 1, 5, 2, 5, 1),
(835, 22, 1, 5, 4, 5, 1),
(836, 22, 1, 6, 1, 5, 1),
(837, 22, 1, 6, 3, 5, 1),
(838, 22, 1, 7, 2, 5, 1),
(839, 22, 1, 7, 4, 5, 1),
(840, 22, 1, 8, 1, 5, 1),
(841, 22, 1, 8, 3, 5, 1),
(842, 22, 1, 9, 2, 5, 1),
(843, 22, 1, 9, 4, 5, 1),
(844, 22, 1, 10, 1, 5, 1),
(845, 22, 1, 10, 3, 5, 1),
(846, 22, 1, 2, 7, 1, 2),
(847, 22, 1, 4, 7, 1, 2),
(848, 22, 1, 6, 7, 1, 2),
(849, 22, 1, 8, 7, 1, 2),
(850, 22, 1, 10, 7, 1, 2),
(851, 22, 1, 1, 8, 1, 2),
(852, 22, 1, 3, 8, 1, 2),
(853, 22, 1, 5, 8, 1, 2),
(854, 22, 1, 7, 8, 1, 2),
(855, 22, 1, 9, 8, 1, 2),
(856, 22, 1, 2, 9, 1, 2),
(857, 22, 1, 4, 9, 1, 2),
(858, 22, 1, 6, 9, 1, 2),
(859, 22, 1, 8, 9, 1, 2),
(860, 22, 1, 10, 9, 1, 2),
(861, 22, 1, 1, 10, 1, 2),
(862, 22, 1, 3, 10, 1, 2),
(863, 22, 1, 5, 10, 1, 2),
(864, 22, 1, 7, 10, 1, 2),
(865, 22, 1, 9, 10, 1, 2),
(866, 23, 1, 1, 2, 5, 1),
(867, 23, 1, 0, 4, 5, 1),
(868, 23, 1, 2, 1, 5, 1),
(869, 23, 1, 0, 3, 5, 1),
(870, 23, 1, 3, 2, 5, 1),
(871, 23, 1, 0, 4, 5, 1),
(872, 23, 1, 4, 1, 5, 1),
(873, 23, 1, 0, 3, 5, 1),
(874, 23, 1, 5, 2, 5, 1),
(875, 23, 1, 0, 4, 5, 1),
(876, 23, 1, 6, 1, 5, 1),
(877, 23, 1, 6, 3, 5, 1),
(878, 23, 1, 7, 2, 5, 1),
(879, 23, 1, 0, 4, 5, 1),
(880, 23, 1, 8, 1, 5, 1),
(881, 23, 1, 8, 3, 5, 1),
(882, 23, 1, 9, 2, 5, 1),
(883, 23, 1, 0, 4, 5, 1),
(884, 23, 1, 10, 1, 5, 1),
(885, 23, 1, 10, 3, 5, 1),
(886, 23, 1, 2, 7, 2, 2),
(887, 23, 1, 4, 7, 2, 2),
(888, 23, 1, 6, 7, 2, 2),
(889, 23, 1, 8, 7, 2, 2),
(890, 23, 1, 10, 7, 2, 2),
(891, 23, 1, 1, 8, 2, 2),
(892, 23, 1, 3, 8, 2, 2),
(893, 23, 1, 5, 8, 2, 2),
(894, 23, 1, 7, 8, 2, 2),
(895, 23, 1, 9, 8, 2, 2),
(896, 23, 1, 2, 9, 2, 2),
(897, 23, 1, 4, 9, 2, 2),
(898, 23, 1, 6, 9, 2, 2),
(899, 23, 1, 8, 9, 2, 2),
(900, 23, 1, 10, 9, 2, 2),
(901, 23, 1, 1, 10, 2, 2),
(902, 23, 1, 3, 10, 2, 2),
(903, 23, 1, 5, 10, 2, 2),
(904, 23, 1, 7, 10, 2, 2),
(905, 23, 1, 9, 10, 2, 2),
(906, 24, 1, 1, 2, 5, 1),
(907, 24, 1, 0, 4, 5, 1),
(908, 24, 1, 2, 1, 5, 1),
(909, 24, 1, 2, 3, 5, 1),
(910, 24, 1, 3, 2, 5, 1),
(911, 24, 1, 3, 4, 5, 1),
(912, 24, 1, 4, 1, 5, 1),
(913, 24, 1, 4, 3, 5, 1),
(914, 24, 1, 5, 2, 5, 1),
(915, 24, 1, 5, 4, 5, 1),
(916, 24, 1, 6, 1, 5, 1),
(917, 24, 1, 6, 3, 5, 1),
(918, 24, 1, 7, 2, 5, 1),
(919, 24, 1, 7, 4, 5, 1),
(920, 24, 1, 8, 1, 5, 1),
(921, 24, 1, 8, 3, 5, 1),
(922, 24, 1, 9, 2, 5, 1),
(923, 24, 1, 9, 4, 5, 1),
(924, 24, 1, 10, 1, 5, 1),
(925, 24, 1, 10, 3, 5, 1),
(926, 24, 1, 2, 7, 3, 2),
(927, 24, 1, 4, 7, 3, 2),
(928, 24, 1, 6, 7, 3, 2),
(929, 24, 1, 8, 7, 3, 2),
(930, 24, 1, 10, 7, 3, 2),
(931, 24, 1, 1, 8, 3, 2),
(932, 24, 1, 3, 8, 3, 2),
(933, 24, 1, 5, 8, 3, 2),
(934, 24, 1, 7, 8, 3, 2),
(935, 24, 1, 9, 8, 3, 2),
(936, 24, 1, 2, 9, 3, 2),
(937, 24, 1, 4, 9, 3, 2),
(938, 24, 1, 6, 9, 3, 2),
(939, 24, 1, 8, 9, 3, 2),
(940, 24, 1, 10, 9, 3, 2),
(941, 24, 1, 1, 10, 3, 2),
(942, 24, 1, 3, 10, 3, 2),
(943, 24, 1, 5, 10, 3, 2),
(944, 24, 1, 7, 10, 3, 2),
(945, 24, 1, 9, 10, 3, 2),
(946, 25, 1, 1, 2, 5, 1),
(947, 25, 1, 1, 4, 5, 1),
(948, 25, 1, 2, 1, 5, 1),
(949, 25, 1, 2, 3, 5, 1),
(950, 25, 1, 3, 2, 5, 1),
(951, 25, 1, 3, 4, 5, 1),
(952, 25, 1, 4, 1, 5, 1),
(953, 25, 1, 4, 3, 5, 1),
(954, 25, 1, 5, 2, 5, 1),
(956, 25, 1, 6, 1, 5, 1),
(957, 25, 1, 6, 3, 5, 1),
(958, 25, 1, 7, 2, 5, 1),
(960, 25, 1, 8, 1, 5, 1),
(961, 25, 1, 8, 3, 5, 1),
(962, 25, 1, 9, 2, 5, 1),
(964, 25, 1, 10, 1, 5, 1),
(965, 25, 1, 10, 3, 5, 1),
(969, 25, 1, 8, 7, 4, 2),
(970, 25, 1, 10, 7, 4, 2),
(971, 25, 1, 1, 8, 4, 2),
(972, 25, 1, 3, 8, 4, 2),
(973, 25, 1, 5, 8, 4, 2),
(974, 25, 1, 7, 8, 4, 2),
(975, 25, 1, 9, 8, 4, 2),
(976, 25, 1, 2, 9, 4, 2),
(977, 25, 1, 4, 9, 4, 2),
(978, 25, 1, 6, 9, 4, 2),
(979, 25, 1, 8, 9, 4, 2),
(980, 25, 1, 10, 9, 4, 2),
(981, 25, 1, 1, 10, 4, 2),
(982, 25, 1, 3, 10, 4, 2),
(983, 25, 1, 5, 10, 4, 2),
(984, 25, 1, 7, 10, 4, 2),
(985, 25, 1, 9, 10, 4, 2),
(986, 25, 1, 1, 4, 5, 1),
(987, 25, 1, 1, 4, 5, 1),
(988, 25, 1, 1, 4, 5, 1),
(989, 25, 1, 1, 4, 5, 1),
(990, 25, 1, 1, 4, 5, 1),
(991, 25, 1, 1, 4, 5, 1),
(992, 25, 1, 2, 5, 5, 1),
(993, 25, 1, 4, 5, 5, 1),
(994, 25, 1, 6, 5, 5, 1),
(995, 25, 1, 6, 5, 5, 1),
(996, 25, 1, 8, 5, 5, 1),
(997, 25, 1, 10, 5, 5, 1),
(998, 25, 1, 7, 6, 4, 2),
(999, 25, 1, 5, 6, 4, 2),
(1000, 25, 1, 3, 6, 4, 2),
(1001, 26, 1, 1, 2, 5, 1),
(1002, 26, 1, 1, 4, 5, 1),
(1003, 26, 1, 2, 1, 5, 1),
(1004, 26, 1, 2, 3, 5, 1),
(1009, 26, 1, 5, 2, 5, 1),
(1011, 26, 1, 6, 1, 5, 1),
(1012, 26, 1, 6, 3, 5, 1),
(1013, 26, 1, 7, 2, 5, 1),
(1014, 26, 1, 7, 4, 5, 1),
(1015, 26, 1, 8, 1, 5, 1),
(1017, 26, 1, 9, 2, 5, 1),
(1019, 26, 1, 10, 1, 5, 1),
(1020, 26, 1, 10, 3, 5, 1),
(1022, 26, 1, 4, 7, 2, 2),
(1023, 26, 1, 6, 7, 2, 2),
(1024, 26, 1, 8, 7, 2, 2),
(1026, 26, 1, 1, 8, 2, 2),
(1027, 26, 1, 3, 8, 2, 2),
(1028, 26, 1, 5, 8, 2, 2),
(1029, 26, 1, 7, 8, 2, 2),
(1030, 26, 1, 9, 8, 2, 2),
(1031, 26, 1, 2, 9, 2, 2),
(1032, 26, 1, 4, 9, 2, 2),
(1033, 26, 1, 6, 9, 2, 2),
(1034, 26, 1, 8, 9, 2, 2),
(1035, 26, 1, 10, 9, 2, 2),
(1036, 26, 1, 1, 10, 2, 2),
(1037, 26, 1, 3, 10, 2, 2),
(1038, 26, 1, 5, 10, 2, 2),
(1039, 26, 1, 7, 10, 2, 2),
(1040, 26, 1, 9, 10, 2, 2),
(1041, 26, 1, 2, 5, 5, 1),
(1042, 26, 1, 4, 5, 5, 1),
(1043, 26, 1, 3, 6, 2, 2),
(1044, 26, 1, 5, 4, 5, 1),
(1045, 26, 1, 9, 6, 2, 2),
(1047, 26, 1, 7, 6, 5, 1),
(1048, 26, 1, 9, 4, 5, 1),
(1049, 26, 1, 4, 3, 5, 1),
(1050, 26, 1, 3, 2, 5, 1),
(1051, 27, 1, 1, 2, 5, 1),
(1053, 27, 1, 2, 1, 5, 1),
(1054, 27, 1, 2, 3, 5, 1),
(1055, 27, 1, 3, 2, 5, 1),
(1057, 27, 1, 4, 1, 5, 1),
(1059, 27, 1, 5, 2, 5, 1),
(1061, 27, 1, 6, 1, 5, 1),
(1062, 27, 1, 6, 3, 5, 1),
(1063, 27, 1, 7, 2, 5, 1),
(1065, 27, 1, 8, 1, 5, 1),
(1066, 27, 1, 8, 3, 5, 1),
(1067, 27, 1, 9, 2, 5, 1),
(1068, 27, 1, 9, 4, 5, 1),
(1069, 27, 1, 10, 1, 5, 1),
(1070, 27, 1, 10, 3, 5, 1),
(1072, 27, 1, 4, 7, 2, 2),
(1073, 27, 1, 6, 7, 2, 2),
(1074, 27, 1, 8, 7, 2, 2),
(1075, 27, 1, 10, 7, 2, 2),
(1076, 27, 1, 1, 8, 2, 2),
(1077, 27, 1, 3, 8, 2, 2),
(1078, 27, 1, 5, 8, 2, 2),
(1079, 27, 1, 7, 8, 2, 2),
(1080, 27, 1, 9, 8, 2, 2),
(1081, 27, 1, 2, 9, 2, 2),
(1082, 27, 1, 4, 9, 2, 2),
(1083, 27, 1, 6, 9, 2, 2),
(1084, 27, 1, 8, 9, 2, 2),
(1085, 27, 1, 10, 9, 2, 2),
(1086, 27, 1, 1, 10, 2, 2),
(1087, 27, 1, 3, 10, 2, 2),
(1088, 27, 1, 5, 10, 2, 2),
(1089, 27, 1, 7, 10, 2, 2),
(1090, 27, 1, 9, 10, 2, 2),
(1091, 27, 1, 2, 5, 5, 1),
(1092, 27, 1, 6, 5, 5, 1),
(1093, 27, 1, 5, 4, 5, 1),
(1094, 27, 1, 4, 5, 5, 1),
(1095, 27, 1, 8, 5, 5, 1),
(1096, 27, 1, 3, 6, 2, 2),
(1097, 28, 1, 1, 2, 5, 1),
(1098, 28, 1, 1, 4, 5, 1),
(1099, 28, 1, 2, 1, 5, 1),
(1100, 28, 1, 2, 3, 5, 1),
(1101, 28, 1, 3, 2, 5, 1),
(1102, 28, 1, 3, 4, 5, 1),
(1103, 28, 1, 4, 1, 5, 1),
(1109, 28, 1, 7, 2, 5, 1),
(1111, 28, 1, 8, 1, 5, 1),
(1112, 28, 1, 8, 3, 5, 1),
(1113, 28, 1, 9, 2, 5, 1),
(1115, 28, 1, 10, 1, 5, 1),
(1116, 28, 1, 10, 3, 5, 1),
(1122, 28, 1, 1, 8, 2, 2),
(1123, 28, 1, 3, 8, 2, 2),
(1124, 28, 1, 5, 8, 2, 2),
(1125, 28, 1, 7, 8, 2, 2),
(1126, 28, 1, 9, 8, 2, 2),
(1127, 28, 1, 2, 9, 2, 2),
(1128, 28, 1, 4, 9, 2, 2),
(1129, 28, 1, 6, 9, 2, 2),
(1130, 28, 1, 8, 9, 2, 2),
(1131, 28, 1, 10, 9, 2, 2),
(1132, 28, 1, 1, 10, 2, 2),
(1133, 28, 1, 3, 10, 2, 2),
(1134, 28, 1, 5, 10, 2, 2),
(1135, 28, 1, 7, 10, 2, 2),
(1136, 28, 1, 9, 10, 2, 2),
(1137, 28, 1, 1, 6, 2, 2),
(1139, 28, 1, 5, 6, 2, 2),
(1140, 28, 1, 7, 6, 2, 2),
(1141, 28, 1, 9, 6, 2, 2),
(1142, 28, 1, 10, 5, 5, 1),
(1143, 28, 1, 8, 5, 5, 1),
(1144, 28, 1, 6, 5, 5, 1),
(1145, 28, 1, 7, 4, 5, 1),
(1147, 28, 1, 6, 3, 5, 1),
(1148, 28, 1, 5, 2, 5, 1),
(1149, 28, 1, 4, 5, 5, 1),
(1150, 28, 1, 2, 5, 2, 2),
(1151, 29, 1, 1, 2, NULL, 1),
(1153, 29, 1, 2, 1, NULL, 1),
(1154, 29, 1, 2, 3, NULL, 1),
(1155, 29, 1, 3, 2, NULL, 1),
(1157, 29, 1, 4, 1, NULL, 1),
(1158, 29, 1, 4, 3, NULL, 1),
(1159, 29, 1, 5, 2, NULL, 1),
(1161, 29, 1, 6, 1, NULL, 1),
(1162, 29, 1, 6, 3, NULL, 1),
(1163, 29, 1, 7, 2, NULL, 1),
(1164, 29, 1, 7, 4, NULL, 1),
(1165, 29, 1, 8, 1, NULL, 1),
(1166, 29, 1, 8, 3, NULL, 1),
(1167, 29, 1, 9, 2, NULL, 1),
(1168, 29, 1, 9, 4, NULL, 1),
(1169, 29, 1, 10, 1, NULL, 1),
(1170, 29, 1, 10, 3, NULL, 1),
(1171, 29, 1, 2, 7, 4, 2),
(1172, 29, 1, 4, 7, 4, 2),
(1173, 29, 1, 6, 7, 4, 2),
(1174, 29, 1, 8, 7, 4, 2),
(1175, 29, 1, 10, 7, 4, 2),
(1176, 29, 1, 1, 8, 4, 2),
(1177, 29, 1, 3, 8, 4, 2),
(1178, 29, 1, 5, 8, 4, 2),
(1179, 29, 1, 7, 8, 4, 2),
(1180, 29, 1, 9, 8, 4, 2),
(1181, 29, 1, 2, 9, 4, 2),
(1182, 29, 1, 4, 9, 4, 2),
(1183, 29, 1, 6, 9, 4, 2),
(1184, 29, 1, 8, 9, 4, 2),
(1185, 29, 1, 10, 9, 4, 2),
(1186, 29, 1, 1, 10, 4, 2),
(1187, 29, 1, 3, 10, 4, 2),
(1188, 29, 1, 5, 10, 4, 2),
(1189, 29, 1, 7, 10, 4, 2),
(1190, 29, 1, 9, 10, 4, 2),
(1192, 29, 1, 1, 4, NULL, 1),
(1194, 29, 1, 3, 4, NULL, 1),
(1195, 29, 1, 4, 5, NULL, 1),
(1196, 30, 1, 1, 2, NULL, 1),
(1197, 30, 1, 1, 4, NULL, 1),
(1198, 30, 1, 2, 1, NULL, 1),
(1199, 30, 1, 2, 3, NULL, 1),
(1200, 30, 1, 3, 2, NULL, 1),
(1202, 30, 1, 4, 1, NULL, 1),
(1203, 30, 1, 4, 3, NULL, 1),
(1204, 30, 1, 5, 2, NULL, 1),
(1206, 30, 1, 6, 1, NULL, 1),
(1207, 30, 1, 6, 3, NULL, 1),
(1208, 30, 1, 7, 2, NULL, 1),
(1209, 30, 1, 7, 4, NULL, 1),
(1210, 30, 1, 8, 1, NULL, 1),
(1211, 30, 1, 8, 3, NULL, 1),
(1212, 30, 1, 9, 2, NULL, 1),
(1213, 30, 1, 9, 4, NULL, 1),
(1214, 30, 1, 10, 1, NULL, 1),
(1215, 30, 1, 10, 3, NULL, 1),
(1216, 30, 1, 2, 7, 2, 2),
(1217, 30, 1, 4, 7, 2, 2),
(1218, 30, 1, 6, 7, 2, 2),
(1219, 30, 1, 8, 7, 2, 2),
(1220, 30, 1, 10, 7, 2, 2),
(1221, 30, 1, 1, 8, 2, 2),
(1222, 30, 1, 3, 8, 2, 2),
(1223, 30, 1, 5, 8, 2, 2),
(1224, 30, 1, 7, 8, 2, 2),
(1225, 30, 1, 9, 8, 2, 2),
(1226, 30, 1, 2, 9, 2, 2),
(1227, 30, 1, 4, 9, 2, 2),
(1228, 30, 1, 6, 9, 2, 2),
(1229, 30, 1, 8, 9, 2, 2),
(1230, 30, 1, 10, 9, 2, 2),
(1231, 30, 1, 1, 10, 2, 2),
(1232, 30, 1, 3, 10, 2, 2),
(1233, 30, 1, 5, 10, 2, 2),
(1234, 30, 1, 7, 10, 2, 2),
(1235, 30, 1, 9, 10, 2, 2),
(1237, 30, 1, 5, 4, NULL, 1),
(1247, 30, 1, 3, 4, NULL, 1),
(1248, 31, 1, 1, 2, NULL, 1),
(1249, 31, 1, 1, 4, NULL, 1),
(1250, 31, 1, 2, 1, NULL, 1),
(1251, 31, 1, 2, 3, NULL, 1),
(1252, 31, 1, 3, 2, NULL, 1),
(1253, 31, 1, 3, 4, NULL, 1),
(1254, 31, 1, 4, 1, NULL, 1),
(1255, 31, 1, 4, 3, NULL, 1),
(1256, 31, 1, 5, 2, NULL, 1),
(1257, 31, 1, 5, 4, NULL, 1),
(1258, 31, 1, 6, 1, NULL, 1),
(1259, 31, 1, 6, 3, NULL, 1),
(1260, 31, 1, 7, 2, NULL, 1),
(1261, 31, 1, 7, 4, NULL, 1),
(1262, 31, 1, 8, 1, NULL, 1),
(1263, 31, 1, 8, 3, NULL, 1),
(1264, 31, 1, 9, 2, NULL, 1),
(1265, 31, 1, 9, 4, NULL, 1),
(1266, 31, 1, 10, 1, NULL, 1),
(1267, 31, 1, 10, 3, NULL, 1),
(1268, 31, 1, 2, 7, 2, 2),
(1269, 31, 1, 4, 7, 2, 2),
(1270, 31, 1, 6, 7, 2, 2),
(1271, 31, 1, 8, 7, 2, 2),
(1272, 31, 1, 10, 7, 2, 2),
(1273, 31, 1, 1, 8, 2, 2),
(1274, 31, 1, 3, 8, 2, 2),
(1275, 31, 1, 5, 8, 2, 2),
(1276, 31, 1, 7, 8, 2, 2),
(1277, 31, 1, 9, 8, 2, 2),
(1278, 31, 1, 2, 9, 2, 2),
(1279, 31, 1, 4, 9, 2, 2),
(1280, 31, 1, 6, 9, 2, 2),
(1281, 31, 1, 8, 9, 2, 2),
(1282, 31, 1, 10, 9, 2, 2),
(1283, 31, 1, 1, 10, 2, 2),
(1284, 31, 1, 3, 10, 2, 2),
(1285, 31, 1, 5, 10, 2, 2),
(1286, 31, 1, 7, 10, 2, 2),
(1287, 31, 1, 9, 10, 2, 2),
(1288, 32, 1, 1, 2, 5, 1),
(1289, 32, 1, 1, 4, 5, 1),
(1290, 32, 1, 2, 1, 5, 1),
(1291, 32, 1, 2, 3, 5, 1),
(1292, 32, 1, 3, 2, 5, 1),
(1293, 32, 1, 3, 4, 5, 1),
(1294, 32, 1, 4, 1, 5, 1),
(1295, 32, 1, 4, 3, 5, 1),
(1296, 32, 1, 5, 2, 5, 1),
(1297, 32, 1, 5, 4, 5, 1),
(1298, 32, 1, 6, 1, 5, 1),
(1299, 32, 1, 6, 3, 5, 1),
(1300, 32, 1, 7, 2, 5, 1),
(1301, 32, 1, 7, 4, 5, 1),
(1302, 32, 1, 8, 1, 5, 1),
(1303, 32, 1, 8, 3, 5, 1),
(1304, 32, 1, 9, 2, 5, 1),
(1305, 32, 1, 9, 4, 5, 1),
(1306, 32, 1, 10, 1, 5, 1),
(1307, 32, 1, 10, 3, 5, 1),
(1308, 32, 1, 2, 7, 1, 2),
(1309, 32, 1, 4, 7, 1, 2),
(1310, 32, 1, 6, 7, 1, 2),
(1311, 32, 1, 8, 7, 1, 2),
(1312, 32, 1, 10, 7, 1, 2),
(1313, 32, 1, 1, 8, 1, 2),
(1314, 32, 1, 3, 8, 1, 2),
(1315, 32, 1, 5, 8, 1, 2),
(1316, 32, 1, 7, 8, 1, 2),
(1317, 32, 1, 9, 8, 1, 2),
(1318, 32, 1, 2, 9, 1, 2),
(1319, 32, 1, 4, 9, 1, 2),
(1320, 32, 1, 6, 9, 1, 2),
(1321, 32, 1, 8, 9, 1, 2),
(1322, 32, 1, 10, 9, 1, 2),
(1323, 32, 1, 1, 10, 1, 2),
(1324, 32, 1, 3, 10, 1, 2),
(1325, 32, 1, 5, 10, 1, 2),
(1326, 32, 1, 7, 10, 1, 2),
(1327, 32, 1, 9, 10, 1, 2),
(1328, 33, 1, 1, 2, 5, 2),
(1329, 33, 1, 1, 4, 5, 2),
(1330, 33, 1, 2, 1, 5, 2),
(1331, 33, 1, 2, 3, 5, 2),
(1332, 33, 1, 3, 2, 5, 2),
(1333, 33, 1, 3, 4, 5, 2),
(1334, 33, 1, 4, 1, 5, 2),
(1335, 33, 1, 4, 3, 5, 2),
(1336, 33, 1, 5, 2, 5, 2),
(1337, 33, 1, 5, 4, 5, 2),
(1338, 33, 1, 6, 1, 5, 2),
(1339, 33, 1, 6, 3, 5, 2),
(1340, 33, 1, 7, 2, 5, 2),
(1341, 33, 1, 7, 4, 5, 2),
(1342, 33, 1, 8, 1, 5, 2),
(1343, 33, 1, 8, 3, 5, 2),
(1344, 33, 1, 9, 2, 5, 2),
(1345, 33, 1, 9, 4, 5, 2),
(1346, 33, 1, 10, 1, 5, 2),
(1347, 33, 1, 10, 3, 5, 2),
(1348, 33, 1, 2, 7, 3, 1),
(1349, 33, 1, 4, 7, 3, 1),
(1350, 33, 1, 6, 7, 3, 1),
(1351, 33, 1, 8, 7, 3, 1),
(1352, 33, 1, 10, 7, 3, 1),
(1353, 33, 1, 1, 8, 3, 1),
(1354, 33, 1, 3, 8, 3, 1),
(1355, 33, 1, 5, 8, 3, 1),
(1356, 33, 1, 7, 8, 3, 1),
(1357, 33, 1, 9, 8, 3, 1),
(1358, 33, 1, 2, 9, 3, 1),
(1359, 33, 1, 4, 9, 3, 1),
(1360, 33, 1, 6, 9, 3, 1),
(1361, 33, 1, 8, 9, 3, 1),
(1362, 33, 1, 10, 9, 3, 1),
(1363, 33, 1, 1, 10, 3, 1),
(1364, 33, 1, 3, 10, 3, 1),
(1365, 33, 1, 5, 10, 3, 1),
(1366, 33, 1, 7, 10, 3, 1),
(1367, 33, 1, 9, 10, 3, 1),
(1368, 34, 1, 1, 2, 4, 2),
(1369, 34, 1, 1, 4, 4, 2),
(1370, 34, 1, 2, 1, 4, 2),
(1371, 34, 1, 2, 3, 4, 2),
(1372, 34, 1, 3, 2, 4, 2),
(1373, 34, 1, 3, 4, 4, 2),
(1374, 34, 1, 4, 1, 4, 2),
(1375, 34, 1, 4, 3, 4, 2),
(1376, 34, 1, 5, 2, 4, 2),
(1377, 34, 1, 5, 4, 4, 2),
(1378, 34, 1, 6, 1, 4, 2),
(1379, 34, 1, 6, 3, 4, 2),
(1380, 34, 1, 7, 2, 4, 2),
(1381, 34, 1, 7, 4, 4, 2),
(1382, 34, 1, 8, 1, 4, 2),
(1383, 34, 1, 8, 3, 4, 2),
(1384, 34, 1, 9, 2, 4, 2),
(1385, 34, 1, 9, 4, 4, 2),
(1386, 34, 1, 10, 1, 4, 2),
(1387, 34, 1, 10, 3, 4, 2),
(1388, 34, 1, 2, 7, 5, 1),
(1389, 34, 1, 4, 7, 5, 1),
(1390, 34, 1, 6, 7, 5, 1),
(1391, 34, 1, 8, 7, 5, 1),
(1392, 34, 1, 10, 7, 5, 1),
(1393, 34, 1, 1, 8, 5, 1),
(1394, 34, 1, 3, 8, 5, 1),
(1395, 34, 1, 5, 8, 5, 1),
(1396, 34, 1, 7, 8, 5, 1),
(1397, 34, 1, 9, 8, 5, 1),
(1398, 34, 1, 2, 9, 5, 1),
(1399, 34, 1, 4, 9, 5, 1),
(1400, 34, 1, 6, 9, 5, 1),
(1401, 34, 1, 8, 9, 5, 1),
(1402, 34, 1, 10, 9, 5, 1),
(1403, 34, 1, 1, 10, 5, 1),
(1404, 34, 1, 3, 10, 5, 1),
(1405, 34, 1, 5, 10, 5, 1),
(1406, 34, 1, 7, 10, 5, 1),
(1407, 34, 1, 9, 10, 5, 1),
(1408, 35, 1, 1, 2, 5, 1),
(1409, 35, 1, 1, 4, 5, 1),
(1410, 35, 1, 2, 1, 5, 1),
(1411, 35, 1, 2, 3, 5, 1),
(1412, 35, 1, 3, 2, 5, 1),
(1413, 35, 1, 3, 4, 5, 1),
(1414, 35, 1, 4, 1, 5, 1),
(1415, 35, 1, 4, 3, 5, 1),
(1416, 35, 1, 5, 2, 5, 1),
(1417, 35, 1, 5, 4, 5, 1),
(1418, 35, 1, 6, 1, 5, 1),
(1419, 35, 1, 6, 3, 5, 1),
(1420, 35, 1, 7, 2, 5, 1),
(1421, 35, 1, 7, 4, 5, 1),
(1422, 35, 1, 8, 1, 5, 1),
(1423, 35, 1, 8, 3, 5, 1),
(1424, 35, 1, 9, 2, 5, 1),
(1425, 35, 1, 9, 4, 5, 1),
(1426, 35, 1, 10, 1, 5, 1),
(1427, 35, 1, 10, 3, 5, 1),
(1428, 35, 1, 2, 7, 1, 2),
(1429, 35, 1, 4, 7, 1, 2),
(1430, 35, 1, 6, 7, 1, 2),
(1431, 35, 1, 8, 7, 1, 2),
(1432, 35, 1, 10, 7, 1, 2),
(1433, 35, 1, 1, 8, 1, 2),
(1434, 35, 1, 3, 8, 1, 2),
(1435, 35, 1, 5, 8, 1, 2),
(1436, 35, 1, 7, 8, 1, 2),
(1437, 35, 1, 9, 8, 1, 2),
(1438, 35, 1, 2, 9, 1, 2),
(1439, 35, 1, 4, 9, 1, 2),
(1440, 35, 1, 6, 9, 1, 2),
(1441, 35, 1, 8, 9, 1, 2),
(1442, 35, 1, 10, 9, 1, 2),
(1443, 35, 1, 1, 10, 1, 2),
(1444, 35, 1, 3, 10, 1, 2),
(1445, 35, 1, 5, 10, 1, 2),
(1446, 35, 1, 7, 10, 1, 2),
(1447, 35, 1, 9, 10, 1, 2),
(1448, 36, 1, 1, 2, 1, 1),
(1449, 36, 1, 1, 4, 1, 1),
(1450, 36, 1, 2, 1, 1, 1),
(1451, 36, 1, 2, 3, 1, 1),
(1452, 36, 1, 3, 2, 1, 1),
(1453, 36, 1, 3, 4, 1, 1),
(1454, 36, 1, 4, 1, 1, 1),
(1455, 36, 1, 4, 3, 1, 1),
(1456, 36, 1, 5, 2, 1, 1),
(1457, 36, 1, 5, 4, 1, 1),
(1458, 36, 1, 6, 1, 1, 1),
(1459, 36, 1, 6, 3, 1, 1),
(1460, 36, 1, 7, 2, 1, 1),
(1461, 36, 1, 7, 4, 1, 1),
(1462, 36, 1, 8, 1, 1, 1),
(1463, 36, 1, 8, 3, 1, 1),
(1464, 36, 1, 9, 2, 1, 1),
(1465, 36, 1, 9, 4, 1, 1),
(1466, 36, 1, 10, 1, 1, 1),
(1467, 36, 1, 10, 3, 1, 1),
(1468, 36, 1, 2, 7, 5, 2),
(1469, 36, 1, 4, 7, 5, 2),
(1470, 36, 1, 6, 7, 5, 2),
(1471, 36, 1, 8, 7, 5, 2),
(1472, 36, 1, 10, 7, 5, 2),
(1473, 36, 1, 1, 8, 5, 2),
(1474, 36, 1, 3, 8, 5, 2),
(1475, 36, 1, 5, 8, 5, 2),
(1476, 36, 1, 7, 8, 5, 2),
(1477, 36, 1, 9, 8, 5, 2),
(1478, 36, 1, 2, 9, 5, 2),
(1479, 36, 1, 4, 9, 5, 2),
(1480, 36, 1, 6, 9, 5, 2),
(1481, 36, 1, 8, 9, 5, 2),
(1482, 36, 1, 10, 9, 5, 2),
(1483, 36, 1, 1, 10, 5, 2),
(1484, 36, 1, 3, 10, 5, 2),
(1485, 36, 1, 5, 10, 5, 2),
(1486, 36, 1, 7, 10, 5, 2),
(1487, 36, 1, 9, 10, 5, 2),
(1488, 37, 1, 1, 2, 5, 1),
(1489, 37, 1, 1, 4, 5, 1),
(1490, 37, 1, 2, 1, 5, 1),
(1491, 37, 1, 2, 3, 5, 1),
(1492, 37, 1, 3, 2, 5, 1),
(1493, 37, 1, 3, 4, 5, 1),
(1494, 37, 1, 4, 1, 5, 1),
(1495, 37, 1, 4, 3, 5, 1),
(1496, 37, 1, 5, 2, 5, 1),
(1497, 37, 1, 5, 4, 5, 1),
(1498, 37, 1, 6, 1, 5, 1),
(1499, 37, 1, 6, 3, 5, 1),
(1500, 37, 1, 7, 2, 5, 1),
(1501, 37, 1, 7, 4, 5, 1),
(1502, 37, 1, 8, 1, 5, 1),
(1503, 37, 1, 8, 3, 5, 1),
(1504, 37, 1, 9, 2, 5, 1),
(1505, 37, 1, 9, 4, 5, 1),
(1506, 37, 1, 10, 1, 5, 1),
(1507, 37, 1, 10, 3, 5, 1),
(1508, 37, 1, 2, 7, 3, 2),
(1509, 37, 1, 4, 7, 3, 2),
(1510, 37, 1, 6, 7, 3, 2),
(1511, 37, 1, 8, 7, 3, 2),
(1512, 37, 1, 10, 7, 3, 2),
(1513, 37, 1, 1, 8, 3, 2),
(1514, 37, 1, 3, 8, 3, 2),
(1515, 37, 1, 5, 8, 3, 2),
(1516, 37, 1, 7, 8, 3, 2),
(1517, 37, 1, 9, 8, 3, 2),
(1518, 37, 1, 2, 9, 3, 2),
(1519, 37, 1, 4, 9, 3, 2),
(1520, 37, 1, 6, 9, 3, 2),
(1521, 37, 1, 8, 9, 3, 2),
(1522, 37, 1, 10, 9, 3, 2),
(1523, 37, 1, 1, 10, 3, 2),
(1524, 37, 1, 3, 10, 3, 2),
(1525, 37, 1, 5, 10, 3, 2),
(1526, 37, 1, 7, 10, 3, 2),
(1527, 37, 1, 9, 10, 3, 2),
(1528, 38, 1, 1, 2, 4, 1),
(1529, 38, 1, 1, 4, 4, 1),
(1530, 38, 1, 2, 1, 4, 1),
(1531, 38, 1, 2, 3, 4, 1),
(1532, 38, 1, 3, 2, 4, 1),
(1533, 38, 1, 3, 4, 4, 1),
(1534, 38, 1, 4, 1, 4, 1),
(1535, 38, 1, 4, 3, 4, 1),
(1536, 38, 1, 5, 2, 4, 1),
(1537, 38, 1, 5, 4, 4, 1),
(1538, 38, 1, 6, 1, 4, 1),
(1539, 38, 1, 6, 3, 4, 1),
(1540, 38, 1, 7, 2, 4, 1),
(1541, 38, 1, 7, 4, 4, 1),
(1542, 38, 1, 8, 1, 4, 1),
(1543, 38, 1, 8, 3, 4, 1),
(1544, 38, 1, 9, 2, 4, 1),
(1545, 38, 1, 9, 4, 4, 1),
(1546, 38, 1, 10, 1, 4, 1),
(1547, 38, 1, 10, 3, 4, 1),
(1548, 38, 1, 2, 7, 5, 2),
(1550, 38, 1, 6, 7, 5, 2),
(1551, 38, 1, 8, 7, 5, 2),
(1552, 38, 1, 10, 7, 5, 2),
(1553, 38, 1, 1, 8, 5, 2),
(1554, 38, 1, 3, 8, 5, 2),
(1555, 38, 1, 5, 8, 5, 2),
(1556, 38, 1, 7, 8, 5, 2),
(1557, 38, 1, 9, 8, 5, 2),
(1558, 38, 1, 2, 9, 5, 2),
(1559, 38, 1, 4, 9, 5, 2),
(1560, 38, 1, 6, 9, 5, 2),
(1561, 38, 1, 8, 9, 5, 2),
(1562, 38, 1, 10, 9, 5, 2),
(1563, 38, 1, 1, 10, 5, 2),
(1564, 38, 1, 3, 10, 5, 2),
(1565, 38, 1, 5, 10, 5, 2),
(1566, 38, 1, 7, 10, 5, 2),
(1567, 38, 1, 9, 10, 5, 2),
(1568, 38, 1, 5, 6, 5, 2),
(1569, 39, 1, 1, 2, 5, 1),
(1570, 39, 1, 1, 4, 5, 1),
(1571, 39, 1, 2, 1, 5, 1),
(1572, 39, 1, 2, 3, 5, 1),
(1573, 39, 1, 3, 2, 5, 1),
(1574, 39, 1, 3, 4, 5, 1),
(1575, 39, 1, 4, 1, 5, 1),
(1576, 39, 1, 4, 3, 5, 1),
(1577, 39, 1, 5, 2, 5, 1),
(1578, 39, 1, 5, 4, 5, 1),
(1579, 39, 1, 6, 1, 5, 1),
(1580, 39, 1, 6, 3, 5, 1),
(1581, 39, 1, 7, 2, 5, 1),
(1582, 39, 1, 7, 4, 5, 1),
(1583, 39, 1, 8, 1, 5, 1),
(1584, 39, 1, 8, 3, 5, 1),
(1585, 39, 1, 9, 2, 5, 1),
(1586, 39, 1, 9, 4, 5, 1),
(1587, 39, 1, 10, 1, 5, 1),
(1588, 39, 1, 10, 3, 5, 1),
(1589, 39, 1, 2, 7, 1, 2),
(1590, 39, 1, 4, 7, 1, 2),
(1591, 39, 1, 6, 7, 1, 2),
(1592, 39, 1, 8, 7, 1, 2),
(1593, 39, 1, 10, 7, 1, 2),
(1594, 39, 1, 1, 8, 1, 2),
(1595, 39, 1, 3, 8, 1, 2),
(1596, 39, 1, 5, 8, 1, 2),
(1597, 39, 1, 7, 8, 1, 2),
(1598, 39, 1, 9, 8, 1, 2),
(1599, 39, 1, 2, 9, 1, 2),
(1600, 39, 1, 4, 9, 1, 2),
(1601, 39, 1, 6, 9, 1, 2),
(1602, 39, 1, 8, 9, 1, 2),
(1603, 39, 1, 10, 9, 1, 2),
(1604, 39, 1, 1, 10, 1, 2),
(1605, 39, 1, 3, 10, 1, 2),
(1606, 39, 1, 5, 10, 1, 2),
(1607, 39, 1, 7, 10, 1, 2),
(1608, 39, 1, 9, 10, 1, 2),
(1609, 40, 1, 1, 2, 3, 1),
(1610, 40, 1, 1, 4, 3, 1),
(1611, 40, 1, 2, 1, 3, 1),
(1612, 40, 1, 2, 3, 3, 1),
(1613, 40, 1, 3, 2, 3, 1),
(1614, 40, 1, 3, 4, 3, 1),
(1615, 40, 1, 4, 1, 3, 1),
(1616, 40, 1, 4, 3, 3, 1),
(1617, 40, 1, 5, 2, 3, 1),
(1618, 40, 1, 5, 4, 3, 1),
(1619, 40, 1, 6, 1, 3, 1),
(1620, 40, 1, 6, 3, 3, 1),
(1621, 40, 1, 7, 2, 3, 1),
(1622, 40, 1, 7, 4, 3, 1),
(1623, 40, 1, 8, 1, 3, 1),
(1624, 40, 1, 8, 3, 3, 1),
(1625, 40, 1, 9, 2, 3, 1),
(1626, 40, 1, 9, 4, 3, 1),
(1627, 40, 1, 10, 1, 3, 1),
(1628, 40, 1, 10, 3, 3, 1),
(1629, 40, 1, 2, 7, 5, 2),
(1630, 40, 1, 4, 7, 5, 2),
(1631, 40, 1, 6, 7, 5, 2),
(1632, 40, 1, 8, 7, 5, 2),
(1633, 40, 1, 10, 7, 5, 2),
(1634, 40, 1, 1, 8, 5, 2),
(1635, 40, 1, 3, 8, 5, 2),
(1636, 40, 1, 5, 8, 5, 2),
(1637, 40, 1, 7, 8, 5, 2),
(1638, 40, 1, 9, 8, 5, 2),
(1639, 40, 1, 2, 9, 5, 2),
(1640, 40, 1, 4, 9, 5, 2),
(1641, 40, 1, 6, 9, 5, 2),
(1642, 40, 1, 8, 9, 5, 2),
(1643, 40, 1, 10, 9, 5, 2),
(1644, 40, 1, 1, 10, 5, 2),
(1645, 40, 1, 3, 10, 5, 2),
(1646, 40, 1, 5, 10, 5, 2),
(1647, 40, 1, 7, 10, 5, 2),
(1648, 40, 1, 9, 10, 5, 2),
(1649, 41, 1, 1, 2, 2, 1),
(1650, 41, 1, 1, 4, 2, 1),
(1651, 41, 1, 2, 1, 2, 1),
(1652, 41, 1, 2, 3, 2, 1),
(1653, 41, 1, 3, 2, 2, 1),
(1654, 41, 1, 3, 4, 2, 1),
(1655, 41, 1, 4, 1, 2, 1),
(1656, 41, 1, 4, 3, 2, 1),
(1657, 41, 1, 5, 2, 2, 1),
(1658, 41, 1, 5, 4, 2, 1),
(1659, 41, 1, 6, 1, 2, 1),
(1660, 41, 1, 6, 3, 2, 1),
(1661, 41, 1, 7, 2, 2, 1),
(1662, 41, 1, 7, 4, 2, 1),
(1663, 41, 1, 8, 1, 2, 1),
(1664, 41, 1, 8, 3, 2, 1),
(1665, 41, 1, 9, 2, 2, 1),
(1666, 41, 1, 9, 4, 2, 1),
(1667, 41, 1, 10, 1, 2, 1),
(1668, 41, 1, 10, 3, 2, 1),
(1669, 41, 1, 2, 7, 5, 2),
(1670, 41, 1, 4, 7, 5, 2),
(1671, 41, 1, 6, 7, 5, 2),
(1672, 41, 1, 8, 7, 5, 2),
(1673, 41, 1, 10, 7, 5, 2),
(1674, 41, 1, 1, 8, 5, 2),
(1675, 41, 1, 3, 8, 5, 2),
(1676, 41, 1, 5, 8, 5, 2),
(1677, 41, 1, 7, 8, 5, 2),
(1678, 41, 1, 9, 8, 5, 2),
(1679, 41, 1, 2, 9, 5, 2),
(1680, 41, 1, 4, 9, 5, 2),
(1681, 41, 1, 6, 9, 5, 2),
(1682, 41, 1, 8, 9, 5, 2),
(1683, 41, 1, 10, 9, 5, 2),
(1684, 41, 1, 1, 10, 5, 2),
(1685, 41, 1, 3, 10, 5, 2),
(1686, 41, 1, 5, 10, 5, 2),
(1687, 41, 1, 7, 10, 5, 2),
(1688, 41, 1, 9, 10, 5, 2),
(1689, 42, 1, 1, 2, 5, 1),
(1690, 42, 1, 1, 4, 5, 1),
(1691, 42, 1, 2, 1, 5, 1),
(1692, 42, 1, 2, 3, 5, 1),
(1693, 42, 1, 3, 2, 5, 1),
(1694, 42, 1, 3, 4, 5, 1),
(1695, 42, 1, 4, 1, 5, 1),
(1696, 42, 1, 4, 3, 5, 1),
(1697, 42, 1, 5, 2, 5, 1),
(1698, 42, 1, 5, 4, 5, 1),
(1699, 42, 1, 6, 1, 5, 1),
(1700, 42, 1, 6, 3, 5, 1),
(1701, 42, 1, 7, 2, 5, 1),
(1702, 42, 1, 7, 4, 5, 1),
(1703, 42, 1, 8, 1, 5, 1),
(1704, 42, 1, 8, 3, 5, 1),
(1705, 42, 1, 9, 2, 5, 1),
(1706, 42, 1, 9, 4, 5, 1),
(1707, 42, 1, 10, 1, 5, 1),
(1708, 42, 1, 10, 3, 5, 1),
(1709, 42, 1, 2, 7, 2, 2),
(1710, 42, 1, 4, 7, 2, 2),
(1711, 42, 1, 6, 7, 2, 2),
(1712, 42, 1, 8, 7, 2, 2),
(1713, 42, 1, 10, 7, 2, 2),
(1714, 42, 1, 1, 8, 2, 2),
(1715, 42, 1, 3, 8, 2, 2),
(1716, 42, 1, 5, 8, 2, 2),
(1717, 42, 1, 7, 8, 2, 2),
(1718, 42, 1, 9, 8, 2, 2),
(1719, 42, 1, 2, 9, 2, 2),
(1720, 42, 1, 4, 9, 2, 2),
(1721, 42, 1, 6, 9, 2, 2),
(1722, 42, 1, 8, 9, 2, 2),
(1723, 42, 1, 10, 9, 2, 2),
(1724, 42, 1, 1, 10, 2, 2),
(1725, 42, 1, 3, 10, 2, 2),
(1726, 42, 1, 5, 10, 2, 2),
(1727, 42, 1, 7, 10, 2, 2),
(1728, 42, 1, 9, 10, 2, 2),
(1729, 43, 1, 1, 2, 3, 1),
(1730, 43, 1, 1, 4, 3, 1),
(1731, 43, 1, 2, 1, 3, 1),
(1732, 43, 1, 2, 3, 3, 1),
(1733, 43, 1, 3, 2, 3, 1),
(1734, 43, 1, 3, 4, 3, 1),
(1735, 43, 1, 4, 1, 3, 1),
(1736, 43, 1, 4, 3, 3, 1),
(1737, 43, 1, 5, 2, 3, 1),
(1738, 43, 1, 5, 4, 3, 1),
(1739, 43, 1, 6, 1, 3, 1),
(1740, 43, 1, 6, 3, 3, 1),
(1741, 43, 1, 7, 2, 3, 1),
(1742, 43, 1, 7, 4, 3, 1),
(1743, 43, 1, 8, 1, 3, 1),
(1744, 43, 1, 8, 3, 3, 1),
(1745, 43, 1, 9, 2, 3, 1),
(1746, 43, 1, 9, 4, 3, 1),
(1747, 43, 1, 10, 1, 3, 1),
(1748, 43, 1, 10, 3, 3, 1),
(1749, 43, 1, 2, 7, 5, 2),
(1750, 43, 1, 4, 7, 5, 2),
(1751, 43, 1, 6, 7, 5, 2),
(1752, 43, 1, 8, 7, 5, 2),
(1753, 43, 1, 10, 7, 5, 2),
(1754, 43, 1, 1, 8, 5, 2),
(1755, 43, 1, 3, 8, 5, 2),
(1756, 43, 1, 5, 8, 5, 2),
(1757, 43, 1, 7, 8, 5, 2),
(1758, 43, 1, 9, 8, 5, 2),
(1759, 43, 1, 2, 9, 5, 2),
(1760, 43, 1, 4, 9, 5, 2),
(1761, 43, 1, 6, 9, 5, 2),
(1762, 43, 1, 8, 9, 5, 2),
(1763, 43, 1, 10, 9, 5, 2),
(1764, 43, 1, 1, 10, 5, 2),
(1765, 43, 1, 3, 10, 5, 2),
(1766, 43, 1, 5, 10, 5, 2),
(1767, 43, 1, 7, 10, 5, 2),
(1768, 43, 1, 9, 10, 5, 2),
(1769, 44, 1, 1, 2, 5, 1),
(1770, 44, 1, 1, 4, 5, 1),
(1771, 44, 1, 2, 1, 5, 1),
(1772, 44, 1, 2, 3, 5, 1),
(1773, 44, 1, 3, 2, 5, 1),
(1774, 44, 1, 3, 4, 5, 1),
(1775, 44, 1, 4, 1, 5, 1),
(1776, 44, 1, 4, 3, 5, 1),
(1777, 44, 1, 5, 2, 5, 1),
(1778, 44, 1, 5, 4, 5, 1),
(1779, 44, 1, 6, 1, 5, 1),
(1780, 44, 1, 6, 3, 5, 1),
(1781, 44, 1, 7, 2, 5, 1),
(1782, 44, 1, 7, 4, 5, 1),
(1783, 44, 1, 8, 1, 5, 1),
(1784, 44, 1, 8, 3, 5, 1),
(1785, 44, 1, 9, 2, 5, 1),
(1786, 44, 1, 9, 4, 5, 1),
(1787, 44, 1, 10, 1, 5, 1),
(1788, 44, 1, 10, 3, 5, 1),
(1789, 44, 1, 2, 7, 2, 2),
(1790, 44, 1, 4, 7, 2, 2),
(1791, 44, 1, 6, 7, 2, 2),
(1792, 44, 1, 8, 7, 2, 2),
(1793, 44, 1, 10, 7, 2, 2),
(1794, 44, 1, 1, 8, 2, 2),
(1795, 44, 1, 3, 8, 2, 2),
(1796, 44, 1, 5, 8, 2, 2),
(1797, 44, 1, 7, 8, 2, 2),
(1798, 44, 1, 9, 8, 2, 2),
(1799, 44, 1, 2, 9, 2, 2),
(1800, 44, 1, 4, 9, 2, 2),
(1801, 44, 1, 6, 9, 2, 2),
(1802, 44, 1, 8, 9, 2, 2),
(1803, 44, 1, 10, 9, 2, 2),
(1804, 44, 1, 1, 10, 2, 2),
(1805, 44, 1, 3, 10, 2, 2),
(1806, 44, 1, 5, 10, 2, 2),
(1807, 44, 1, 7, 10, 2, 2),
(1808, 44, 1, 9, 10, 2, 2),
(1809, 45, 1, 1, 2, 3, 1),
(1810, 45, 1, 1, 4, 3, 1),
(1811, 45, 1, 2, 1, 3, 1),
(1812, 45, 1, 2, 3, 3, 1),
(1813, 45, 1, 3, 2, 3, 1),
(1814, 45, 1, 3, 4, 3, 1),
(1815, 45, 1, 4, 1, 3, 1),
(1816, 45, 1, 4, 3, 3, 1),
(1817, 45, 1, 5, 2, 3, 1),
(1818, 45, 1, 5, 4, 3, 1),
(1819, 45, 1, 6, 1, 3, 1),
(1820, 45, 1, 6, 3, 3, 1),
(1821, 45, 1, 7, 2, 3, 1),
(1822, 45, 1, 7, 4, 3, 1),
(1823, 45, 1, 8, 1, 3, 1),
(1824, 45, 1, 8, 3, 3, 1),
(1825, 45, 1, 9, 2, 3, 1),
(1826, 45, 1, 9, 4, 3, 1),
(1827, 45, 1, 10, 1, 3, 1),
(1828, 45, 1, 10, 3, 3, 1),
(1829, 45, 1, 2, 7, 5, 2),
(1830, 45, 1, 4, 7, 5, 2),
(1831, 45, 1, 6, 7, 5, 2),
(1832, 45, 1, 8, 7, 5, 2),
(1833, 45, 1, 10, 7, 5, 2),
(1834, 45, 1, 1, 8, 5, 2),
(1835, 45, 1, 3, 8, 5, 2),
(1836, 45, 1, 5, 8, 5, 2),
(1837, 45, 1, 7, 8, 5, 2),
(1838, 45, 1, 9, 8, 5, 2),
(1839, 45, 1, 2, 9, 5, 2),
(1840, 45, 1, 4, 9, 5, 2),
(1841, 45, 1, 6, 9, 5, 2),
(1842, 45, 1, 8, 9, 5, 2),
(1843, 45, 1, 10, 9, 5, 2),
(1844, 45, 1, 1, 10, 5, 2),
(1845, 45, 1, 3, 10, 5, 2),
(1846, 45, 1, 5, 10, 5, 2),
(1847, 45, 1, 7, 10, 5, 2),
(1848, 45, 1, 9, 10, 5, 2),
(1849, 46, 1, 1, 2, 5, 1),
(1850, 46, 1, 1, 4, 5, 1),
(1851, 46, 1, 2, 1, 5, 1),
(1852, 46, 1, 2, 3, 5, 1),
(1853, 46, 1, 3, 2, 5, 1),
(1854, 46, 1, 3, 4, 5, 1),
(1855, 46, 1, 4, 1, 5, 1),
(1856, 46, 1, 4, 3, 5, 1),
(1857, 46, 1, 5, 2, 5, 1),
(1858, 46, 1, 5, 4, 5, 1),
(1859, 46, 1, 6, 1, 5, 1),
(1860, 46, 1, 6, 3, 5, 1),
(1861, 46, 1, 7, 2, 5, 1),
(1862, 46, 1, 7, 4, 5, 1),
(1863, 46, 1, 8, 1, 5, 1),
(1864, 46, 1, 8, 3, 5, 1),
(1865, 46, 1, 9, 2, 5, 1),
(1866, 46, 1, 9, 4, 5, 1),
(1867, 46, 1, 10, 1, 5, 1),
(1868, 46, 1, 10, 3, 5, 1),
(1869, 46, 1, 2, 7, 2, 2),
(1870, 46, 1, 4, 7, 2, 2),
(1871, 46, 1, 6, 7, 2, 2),
(1872, 46, 1, 8, 7, 2, 2),
(1873, 46, 1, 10, 7, 2, 2),
(1874, 46, 1, 1, 8, 2, 2),
(1875, 46, 1, 3, 8, 2, 2),
(1876, 46, 1, 5, 8, 2, 2),
(1877, 46, 1, 7, 8, 2, 2),
(1878, 46, 1, 9, 8, 2, 2),
(1879, 46, 1, 2, 9, 2, 2),
(1880, 46, 1, 4, 9, 2, 2),
(1881, 46, 1, 6, 9, 2, 2),
(1882, 46, 1, 8, 9, 2, 2),
(1883, 46, 1, 10, 9, 2, 2),
(1884, 46, 1, 1, 10, 2, 2),
(1885, 46, 1, 3, 10, 2, 2),
(1886, 46, 1, 5, 10, 2, 2),
(1887, 46, 1, 7, 10, 2, 2),
(1888, 46, 1, 9, 10, 2, 2),
(1889, 47, 1, 1, 2, 5, 1),
(1890, 47, 1, 1, 4, 5, 1),
(1891, 47, 1, 2, 1, 5, 1),
(1892, 47, 1, 2, 3, 5, 1),
(1893, 47, 1, 3, 2, 5, 1),
(1894, 47, 1, 3, 4, 5, 1),
(1895, 47, 1, 4, 1, 5, 1),
(1896, 47, 1, 4, 3, 5, 1),
(1897, 47, 1, 5, 2, 5, 1),
(1898, 47, 1, 5, 4, 5, 1),
(1899, 47, 1, 6, 1, 5, 1),
(1900, 47, 1, 6, 3, 5, 1),
(1901, 47, 1, 7, 2, 5, 1),
(1902, 47, 1, 7, 4, 5, 1),
(1903, 47, 1, 8, 1, 5, 1),
(1904, 47, 1, 8, 3, 5, 1),
(1905, 47, 1, 9, 2, 5, 1),
(1906, 47, 1, 9, 4, 5, 1),
(1907, 47, 1, 10, 1, 5, 1),
(1908, 47, 1, 10, 3, 5, 1),
(1909, 47, 1, 2, 7, 4, 2),
(1910, 47, 1, 4, 7, 4, 2),
(1911, 47, 1, 6, 7, 4, 2),
(1912, 47, 1, 8, 7, 4, 2),
(1913, 47, 1, 10, 7, 4, 2),
(1914, 47, 1, 1, 8, 4, 2),
(1915, 47, 1, 3, 8, 4, 2),
(1916, 47, 1, 5, 8, 4, 2),
(1917, 47, 1, 7, 8, 4, 2),
(1918, 47, 1, 9, 8, 4, 2),
(1919, 47, 1, 2, 9, 4, 2),
(1920, 47, 1, 4, 9, 4, 2),
(1921, 47, 1, 6, 9, 4, 2),
(1922, 47, 1, 8, 9, 4, 2),
(1923, 47, 1, 10, 9, 4, 2),
(1924, 47, 1, 1, 10, 4, 2),
(1925, 47, 1, 3, 10, 4, 2),
(1926, 47, 1, 5, 10, 4, 2),
(1927, 47, 1, 7, 10, 4, 2),
(1928, 47, 1, 9, 10, 4, 2),
(1929, 48, 1, 1, 2, 5, 1),
(1930, 48, 1, 1, 4, 5, 1),
(1931, 48, 1, 2, 1, 5, 1),
(1932, 48, 1, 2, 3, 5, 1),
(1933, 48, 1, 3, 2, 5, 1),
(1934, 48, 1, 3, 4, 5, 1),
(1935, 48, 1, 4, 1, 5, 1),
(1936, 48, 1, 4, 3, 5, 1),
(1937, 48, 1, 5, 2, 5, 1),
(1938, 48, 1, 5, 4, 5, 1),
(1939, 48, 1, 6, 1, 5, 1),
(1940, 48, 1, 6, 3, 5, 1),
(1941, 48, 1, 7, 2, 5, 1),
(1942, 48, 1, 7, 4, 5, 1),
(1943, 48, 1, 8, 1, 5, 1),
(1944, 48, 1, 8, 3, 5, 1),
(1945, 48, 1, 9, 2, 5, 1),
(1946, 48, 1, 9, 4, 5, 1),
(1947, 48, 1, 10, 1, 5, 1),
(1948, 48, 1, 10, 3, 5, 1),
(1949, 48, 1, 2, 7, 2, 2),
(1950, 48, 1, 4, 7, 2, 2),
(1951, 48, 1, 6, 7, 2, 2),
(1952, 48, 1, 8, 7, 2, 2),
(1953, 48, 1, 10, 7, 2, 2),
(1954, 48, 1, 1, 8, 2, 2),
(1955, 48, 1, 3, 8, 2, 2),
(1956, 48, 1, 5, 8, 2, 2),
(1957, 48, 1, 7, 8, 2, 2),
(1958, 48, 1, 9, 8, 2, 2),
(1959, 48, 1, 2, 9, 2, 2),
(1960, 48, 1, 4, 9, 2, 2),
(1961, 48, 1, 6, 9, 2, 2),
(1962, 48, 1, 8, 9, 2, 2),
(1963, 48, 1, 10, 9, 2, 2),
(1964, 48, 1, 1, 10, 2, 2),
(1965, 48, 1, 3, 10, 2, 2),
(1966, 48, 1, 5, 10, 2, 2),
(1967, 48, 1, 7, 10, 2, 2),
(1968, 48, 1, 9, 10, 2, 2),
(1969, 49, 1, 1, 2, 1, 1),
(1970, 49, 1, 1, 4, 1, 1),
(1971, 49, 1, 2, 1, 1, 1),
(1972, 49, 1, 2, 3, 1, 1),
(1973, 49, 1, 3, 2, 1, 1),
(1975, 49, 1, 4, 1, 1, 1),
(1976, 49, 1, 4, 3, 1, 1),
(1977, 49, 1, 5, 2, 1, 1),
(1978, 49, 1, 5, 4, 1, 1),
(1979, 49, 1, 6, 1, 1, 1),
(1980, 49, 1, 6, 3, 1, 1),
(1981, 49, 1, 7, 2, 1, 1),
(1982, 49, 1, 7, 4, 1, 1),
(1983, 49, 1, 8, 1, 1, 1),
(1984, 49, 1, 8, 3, 1, 1),
(1985, 49, 1, 9, 2, 1, 1),
(1986, 49, 1, 9, 4, 1, 1),
(1987, 49, 1, 10, 1, 1, 1),
(1988, 49, 1, 10, 3, 1, 1),
(1989, 49, 1, 2, 7, 5, 2),
(1991, 49, 1, 6, 7, 5, 2),
(1992, 49, 1, 8, 7, 5, 2),
(1993, 49, 1, 10, 7, 5, 2),
(1994, 49, 1, 1, 8, 5, 2),
(1995, 49, 1, 3, 8, 5, 2),
(1996, 49, 1, 5, 8, 5, 2),
(1997, 49, 1, 7, 8, 5, 2),
(1998, 49, 1, 9, 8, 5, 2),
(1999, 49, 1, 2, 9, 5, 2),
(2000, 49, 1, 4, 9, 5, 2),
(2001, 49, 1, 6, 9, 5, 2),
(2002, 49, 1, 8, 9, 5, 2),
(2003, 49, 1, 10, 9, 5, 2),
(2004, 49, 1, 1, 10, 5, 2),
(2005, 49, 1, 3, 10, 5, 2),
(2006, 49, 1, 5, 10, 5, 2),
(2007, 49, 1, 7, 10, 5, 2),
(2008, 49, 1, 9, 10, 5, 2),
(2012, 49, 1, 3, 4, 1, 1),
(2013, 49, 1, 3, 6, 5, 2),
(2014, 50, 1, 1, 2, 3, 1),
(2015, 50, 1, 1, 4, 3, 1),
(2016, 50, 1, 2, 1, 3, 1),
(2017, 50, 1, 2, 3, 3, 1),
(2018, 50, 1, 3, 2, 3, 1),
(2019, 50, 1, 3, 4, 3, 1),
(2020, 50, 1, 4, 1, 3, 1),
(2021, 50, 1, 4, 3, 3, 1),
(2022, 50, 1, 5, 2, 3, 1),
(2023, 50, 1, 5, 4, 3, 1),
(2024, 50, 1, 6, 1, 3, 1),
(2025, 50, 1, 6, 3, 3, 1),
(2026, 50, 1, 7, 2, 3, 1),
(2027, 50, 1, 7, 4, 3, 1),
(2028, 50, 1, 8, 1, 3, 1),
(2029, 50, 1, 8, 3, 3, 1),
(2030, 50, 1, 9, 2, 3, 1),
(2031, 50, 1, 9, 4, 3, 1),
(2032, 50, 1, 10, 1, 3, 1),
(2033, 50, 1, 10, 3, 3, 1),
(2034, 50, 1, 2, 7, 5, 2),
(2035, 50, 1, 4, 7, 5, 2),
(2036, 50, 1, 6, 7, 5, 2),
(2037, 50, 1, 8, 7, 5, 2),
(2038, 50, 1, 10, 7, 5, 2),
(2039, 50, 1, 1, 8, 5, 2),
(2040, 50, 1, 3, 8, 5, 2),
(2041, 50, 1, 5, 8, 5, 2),
(2042, 50, 1, 7, 8, 5, 2),
(2043, 50, 1, 9, 8, 5, 2),
(2044, 50, 1, 2, 9, 5, 2),
(2045, 50, 1, 4, 9, 5, 2),
(2046, 50, 1, 6, 9, 5, 2),
(2047, 50, 1, 8, 9, 5, 2),
(2048, 50, 1, 10, 9, 5, 2),
(2049, 50, 1, 1, 10, 5, 2),
(2050, 50, 1, 3, 10, 5, 2),
(2051, 50, 1, 5, 10, 5, 2),
(2052, 50, 1, 7, 10, 5, 2),
(2053, 50, 1, 9, 10, 5, 2),
(2054, 51, 1, 1, 2, 5, 1),
(2055, 51, 1, 1, 4, 5, 1),
(2056, 51, 1, 2, 1, 5, 1),
(2057, 51, 1, 2, 3, 5, 1),
(2058, 51, 1, 3, 2, 5, 1),
(2059, 51, 1, 3, 4, 5, 1),
(2060, 51, 1, 4, 1, 5, 1),
(2061, 51, 1, 4, 3, 5, 1),
(2062, 51, 1, 5, 2, 5, 1),
(2063, 51, 1, 5, 4, 5, 1),
(2064, 51, 1, 6, 1, 5, 1),
(2065, 51, 1, 6, 3, 5, 1),
(2066, 51, 1, 7, 2, 5, 1),
(2067, 51, 1, 7, 4, 5, 1),
(2068, 51, 1, 8, 1, 5, 1),
(2069, 51, 1, 8, 3, 5, 1),
(2070, 51, 1, 9, 2, 5, 1),
(2071, 51, 1, 9, 4, 5, 1),
(2072, 51, 1, 10, 1, 5, 1),
(2073, 51, 1, 10, 3, 5, 1),
(2074, 51, 1, 2, 7, 4, 2),
(2075, 51, 1, 4, 7, 4, 2),
(2076, 51, 1, 6, 7, 4, 2),
(2077, 51, 1, 8, 7, 4, 2),
(2078, 51, 1, 10, 7, 4, 2),
(2079, 51, 1, 1, 8, 4, 2),
(2080, 51, 1, 3, 8, 4, 2),
(2081, 51, 1, 5, 8, 4, 2),
(2082, 51, 1, 7, 8, 4, 2),
(2083, 51, 1, 9, 8, 4, 2),
(2084, 51, 1, 2, 9, 4, 2),
(2085, 51, 1, 4, 9, 4, 2),
(2086, 51, 1, 6, 9, 4, 2),
(2087, 51, 1, 8, 9, 4, 2);
INSERT INTO `pion` (`id_pion`, `id_partie`, `type_pion`, `pos_x`, `pos_y`, `id_joueur`, `couleur_pion`) VALUES
(2088, 51, 1, 10, 9, 4, 2),
(2089, 51, 1, 1, 10, 4, 2),
(2090, 51, 1, 3, 10, 4, 2),
(2091, 51, 1, 5, 10, 4, 2),
(2092, 51, 1, 7, 10, 4, 2),
(2093, 51, 1, 9, 10, 4, 2),
(2094, 52, 1, 1, 2, 5, 1),
(2095, 52, 1, 1, 4, 5, 1),
(2096, 52, 1, 2, 1, 5, 1),
(2097, 52, 1, 2, 3, 5, 1),
(2098, 52, 1, 3, 2, 5, 1),
(2099, 52, 1, 3, 4, 5, 1),
(2100, 52, 1, 4, 1, 5, 1),
(2101, 52, 1, 4, 3, 5, 1),
(2102, 52, 1, 5, 2, 5, 1),
(2103, 52, 1, 5, 4, 5, 1),
(2104, 52, 1, 6, 1, 5, 1),
(2105, 52, 1, 6, 3, 5, 1),
(2106, 52, 1, 7, 2, 5, 1),
(2107, 52, 1, 7, 4, 5, 1),
(2108, 52, 1, 8, 1, 5, 1),
(2109, 52, 1, 8, 3, 5, 1),
(2110, 52, 1, 9, 2, 5, 1),
(2111, 52, 1, 9, 4, 5, 1),
(2112, 52, 1, 10, 1, 5, 1),
(2113, 52, 1, 10, 3, 5, 1),
(2114, 52, 1, 2, 7, 2, 2),
(2115, 52, 1, 4, 7, 2, 2),
(2116, 52, 1, 6, 7, 2, 2),
(2117, 52, 1, 8, 7, 2, 2),
(2118, 52, 1, 10, 7, 2, 2),
(2119, 52, 1, 1, 8, 2, 2),
(2120, 52, 1, 3, 8, 2, 2),
(2121, 52, 1, 5, 8, 2, 2),
(2122, 52, 1, 7, 8, 2, 2),
(2123, 52, 1, 9, 8, 2, 2),
(2124, 52, 1, 2, 9, 2, 2),
(2125, 52, 1, 4, 9, 2, 2),
(2126, 52, 1, 6, 9, 2, 2),
(2127, 52, 1, 8, 9, 2, 2),
(2128, 52, 1, 10, 9, 2, 2),
(2129, 52, 1, 1, 10, 2, 2),
(2130, 52, 1, 3, 10, 2, 2),
(2131, 52, 1, 5, 10, 2, 2),
(2132, 52, 1, 7, 10, 2, 2),
(2133, 52, 1, 9, 10, 2, 2),
(2134, 53, 1, 1, 2, 5, 1),
(2135, 53, 1, 1, 4, 5, 1),
(2136, 53, 1, 2, 1, 5, 1),
(2137, 53, 1, 2, 3, 5, 1),
(2138, 53, 1, 3, 2, 5, 1),
(2139, 53, 1, 3, 4, 5, 1),
(2140, 53, 1, 4, 1, 5, 1),
(2141, 53, 1, 4, 3, 5, 1),
(2142, 53, 1, 5, 2, 5, 1),
(2143, 53, 1, 5, 4, 5, 1),
(2144, 53, 1, 6, 1, 5, 1),
(2145, 53, 1, 6, 3, 5, 1),
(2146, 53, 1, 7, 2, 5, 1),
(2147, 53, 1, 7, 4, 5, 1),
(2148, 53, 1, 8, 1, 5, 1),
(2149, 53, 1, 8, 3, 5, 1),
(2150, 53, 1, 9, 2, 5, 1),
(2151, 53, 1, 9, 4, 5, 1),
(2152, 53, 1, 10, 1, 5, 1),
(2153, 53, 1, 10, 3, 5, 1),
(2154, 53, 1, 2, 7, 3, 2),
(2155, 53, 1, 4, 7, 3, 2),
(2156, 53, 1, 6, 7, 3, 2),
(2157, 53, 1, 8, 7, 3, 2),
(2158, 53, 1, 10, 7, 3, 2),
(2159, 53, 1, 1, 8, 3, 2),
(2160, 53, 1, 3, 8, 3, 2),
(2161, 53, 1, 5, 8, 3, 2),
(2162, 53, 1, 7, 8, 3, 2),
(2163, 53, 1, 9, 8, 3, 2),
(2164, 53, 1, 2, 9, 3, 2),
(2165, 53, 1, 4, 9, 3, 2),
(2166, 53, 1, 6, 9, 3, 2),
(2167, 53, 1, 8, 9, 3, 2),
(2168, 53, 1, 10, 9, 3, 2),
(2169, 53, 1, 1, 10, 3, 2),
(2170, 53, 1, 3, 10, 3, 2),
(2171, 53, 1, 5, 10, 3, 2),
(2172, 53, 1, 7, 10, 3, 2),
(2173, 53, 1, 9, 10, 3, 2),
(2174, 54, 1, 1, 2, 5, 1),
(2175, 54, 1, 1, 4, 5, 1),
(2176, 54, 1, 2, 1, 5, 1),
(2177, 54, 1, 2, 3, 5, 1),
(2178, 54, 1, 3, 2, 5, 1),
(2179, 54, 1, 3, 4, 5, 1),
(2180, 54, 1, 4, 1, 5, 1),
(2181, 54, 1, 4, 3, 5, 1),
(2182, 54, 1, 5, 2, 5, 1),
(2183, 54, 1, 5, 4, 5, 1),
(2184, 54, 1, 6, 1, 5, 1),
(2185, 54, 1, 6, 3, 5, 1),
(2186, 54, 1, 7, 2, 5, 1),
(2187, 54, 1, 7, 4, 5, 1),
(2188, 54, 1, 8, 1, 5, 1),
(2189, 54, 1, 8, 3, 5, 1),
(2190, 54, 1, 9, 2, 5, 1),
(2191, 54, 1, 9, 4, 5, 1),
(2192, 54, 1, 10, 1, 5, 1),
(2193, 54, 1, 10, 3, 5, 1),
(2194, 54, 1, 2, 7, 2, 2),
(2195, 54, 1, 4, 7, 2, 2),
(2196, 54, 1, 6, 7, 2, 2),
(2197, 54, 1, 8, 7, 2, 2),
(2198, 54, 1, 10, 7, 2, 2),
(2199, 54, 1, 1, 8, 2, 2),
(2200, 54, 1, 3, 8, 2, 2),
(2201, 54, 1, 5, 8, 2, 2),
(2202, 54, 1, 7, 8, 2, 2),
(2203, 54, 1, 9, 8, 2, 2),
(2204, 54, 1, 2, 9, 2, 2),
(2205, 54, 1, 4, 9, 2, 2),
(2206, 54, 1, 6, 9, 2, 2),
(2207, 54, 1, 8, 9, 2, 2),
(2208, 54, 1, 10, 9, 2, 2),
(2209, 54, 1, 1, 10, 2, 2),
(2210, 54, 1, 3, 10, 2, 2),
(2211, 54, 1, 5, 10, 2, 2),
(2212, 54, 1, 7, 10, 2, 2),
(2213, 54, 1, 9, 10, 2, 2),
(2214, 55, 1, 1, 2, 2, 1),
(2215, 55, 1, 1, 4, 2, 1),
(2216, 55, 1, 2, 1, 2, 1),
(2217, 55, 1, 2, 3, 2, 1),
(2218, 55, 1, 3, 2, 2, 1),
(2219, 55, 1, 3, 4, 2, 1),
(2220, 55, 1, 4, 1, 2, 1),
(2221, 55, 1, 4, 3, 2, 1),
(2222, 55, 1, 5, 2, 2, 1),
(2223, 55, 1, 5, 4, 2, 1),
(2224, 55, 1, 6, 1, 2, 1),
(2225, 55, 1, 6, 3, 2, 1),
(2226, 55, 1, 7, 2, 2, 1),
(2227, 55, 1, 7, 4, 2, 1),
(2228, 55, 1, 8, 1, 2, 1),
(2229, 55, 1, 8, 3, 2, 1),
(2230, 55, 1, 9, 2, 2, 1),
(2231, 55, 1, 9, 4, 2, 1),
(2232, 55, 1, 10, 1, 2, 1),
(2233, 55, 1, 10, 3, 2, 1),
(2234, 55, 1, 2, 7, 5, 2),
(2235, 55, 1, 4, 7, 5, 2),
(2236, 55, 1, 6, 7, 5, 2),
(2237, 55, 1, 8, 7, 5, 2),
(2238, 55, 1, 10, 7, 5, 2),
(2239, 55, 1, 1, 8, 5, 2),
(2240, 55, 1, 3, 8, 5, 2),
(2241, 55, 1, 5, 8, 5, 2),
(2242, 55, 1, 7, 8, 5, 2),
(2243, 55, 1, 9, 8, 5, 2),
(2244, 55, 1, 2, 9, 5, 2),
(2245, 55, 1, 4, 9, 5, 2),
(2246, 55, 1, 6, 9, 5, 2),
(2247, 55, 1, 8, 9, 5, 2),
(2248, 55, 1, 10, 9, 5, 2),
(2249, 55, 1, 1, 10, 5, 2),
(2250, 55, 1, 3, 10, 5, 2),
(2251, 55, 1, 5, 10, 5, 2),
(2252, 55, 1, 7, 10, 5, 2),
(2253, 55, 1, 9, 10, 5, 2),
(2254, 56, 1, 1, 2, 5, 1),
(2256, 56, 1, 2, 1, 5, 1),
(2257, 56, 1, 2, 3, 5, 1),
(2258, 56, 1, 3, 2, 5, 1),
(2260, 56, 1, 4, 1, 5, 1),
(2262, 56, 1, 5, 2, 5, 1),
(2264, 56, 1, 6, 1, 5, 1),
(2270, 56, 1, 9, 2, 5, 1),
(2272, 56, 1, 10, 1, 5, 1),
(2273, 56, 1, 10, 3, 5, 1),
(2279, 56, 1, 1, 8, 2, 2),
(2281, 56, 1, 5, 8, 2, 2),
(2282, 56, 1, 7, 8, 2, 2),
(2284, 56, 1, 2, 9, 2, 2),
(2285, 56, 1, 4, 9, 2, 2),
(2286, 56, 1, 6, 9, 2, 2),
(2287, 56, 1, 8, 9, 2, 2),
(2288, 56, 1, 10, 9, 2, 2),
(2289, 56, 1, 1, 10, 2, 2),
(2290, 56, 1, 3, 10, 2, 2),
(2291, 56, 1, 5, 10, 2, 2),
(2292, 56, 1, 7, 10, 2, 2),
(2293, 56, 1, 9, 10, 2, 2),
(2297, 56, 1, 1, 4, 5, 1),
(2298, 56, 1, 4, 3, 5, 1),
(2300, 56, 1, 1, 6, 2, 2),
(2301, 56, 1, 2, 5, 5, 1),
(2302, 56, 1, 4, 5, 5, 1),
(2303, 56, 1, 6, 5, 5, 1),
(2306, 56, 1, 7, 6, 2, 2),
(2307, 56, 1, 5, 6, 2, 2),
(2308, 56, 1, 3, 6, 2, 2),
(2309, 56, 1, 2, 7, 2, 2),
(2310, 56, 1, 8, 7, 2, 2),
(2313, 56, 1, 9, 6, 5, 1),
(2316, 56, 1, 5, 4, 5, 1),
(2317, 56, 1, 8, 5, 5, 1),
(2320, 56, 1, 7, 4, 5, 1),
(2321, 56, 1, 6, 3, 5, 1),
(2323, 56, 1, 8, 1, 2, 2),
(2324, 57, 1, 1, 2, 5, 1),
(2325, 57, 1, 1, 4, 5, 1),
(2326, 57, 1, 2, 1, 5, 1),
(2327, 57, 1, 2, 3, 5, 1),
(2328, 57, 1, 3, 2, 5, 1),
(2330, 57, 1, 4, 1, 5, 1),
(2333, 57, 1, 5, 4, 5, 1),
(2334, 57, 1, 6, 1, 5, 1),
(2335, 57, 1, 6, 3, 5, 1),
(2336, 57, 1, 7, 2, 5, 1),
(2337, 57, 1, 7, 4, 5, 1),
(2338, 57, 1, 8, 1, 5, 1),
(2339, 57, 1, 8, 3, 5, 1),
(2340, 57, 1, 9, 2, 5, 1),
(2341, 57, 1, 9, 4, 5, 1),
(2342, 57, 1, 10, 1, 5, 1),
(2343, 57, 1, 10, 3, 5, 1),
(2344, 57, 1, 2, 7, 3, 2),
(2345, 57, 1, 4, 7, 3, 2),
(2346, 57, 1, 6, 7, 3, 2),
(2347, 57, 1, 8, 7, 3, 2),
(2348, 57, 1, 10, 7, 3, 2),
(2349, 57, 1, 1, 8, 3, 2),
(2350, 57, 1, 3, 8, 3, 2),
(2351, 57, 1, 5, 8, 3, 2),
(2352, 57, 1, 7, 8, 3, 2),
(2353, 57, 1, 9, 8, 3, 2),
(2354, 57, 1, 2, 9, 3, 2),
(2355, 57, 1, 4, 9, 3, 2),
(2356, 57, 1, 6, 9, 3, 2),
(2357, 57, 1, 8, 9, 3, 2),
(2358, 57, 1, 10, 9, 3, 2),
(2359, 57, 1, 1, 10, 3, 2),
(2360, 57, 1, 3, 10, 3, 2),
(2361, 57, 1, 5, 10, 3, 2),
(2362, 57, 1, 7, 10, 3, 2),
(2363, 57, 1, 9, 10, 3, 2),
(2364, 57, 1, 4, 5, 5, 1),
(2365, 57, 1, 3, 4, 5, 1),
(2366, 57, 1, 4, 3, 5, 1),
(2367, 58, 1, 1, 2, 5, 1),
(2368, 58, 1, 1, 4, 5, 1),
(2369, 58, 1, 2, 1, 5, 1),
(2370, 58, 1, 2, 3, 5, 1),
(2371, 58, 1, 3, 2, 5, 1),
(2372, 58, 1, 3, 4, 5, 1),
(2373, 58, 1, 4, 1, 5, 1),
(2374, 58, 1, 4, 3, 5, 1),
(2375, 58, 1, 5, 2, 5, 1),
(2377, 58, 1, 6, 1, 5, 1),
(2378, 58, 1, 6, 3, 5, 1),
(2379, 58, 1, 7, 2, 5, 1),
(2380, 58, 1, 7, 4, 5, 1),
(2381, 58, 1, 8, 1, 5, 1),
(2382, 58, 1, 8, 3, 5, 1),
(2383, 58, 1, 9, 2, 5, 1),
(2384, 58, 1, 9, 4, 5, 1),
(2385, 58, 1, 10, 1, 5, 1),
(2386, 58, 1, 10, 3, 5, 1),
(2387, 58, 1, 2, 7, 1, 2),
(2388, 58, 1, 4, 7, 1, 2),
(2389, 58, 1, 6, 7, 1, 2),
(2390, 58, 1, 8, 7, 1, 2),
(2391, 58, 1, 10, 7, 1, 2),
(2392, 58, 1, 1, 8, 1, 2),
(2393, 58, 1, 3, 8, 1, 2),
(2394, 58, 1, 5, 8, 1, 2),
(2395, 58, 1, 7, 8, 1, 2),
(2396, 58, 1, 9, 8, 1, 2),
(2397, 58, 1, 2, 9, 1, 2),
(2398, 58, 1, 4, 9, 1, 2),
(2399, 58, 1, 6, 9, 1, 2),
(2400, 58, 1, 8, 9, 1, 2),
(2401, 58, 1, 10, 9, 1, 2),
(2402, 58, 1, 1, 10, 1, 2),
(2403, 58, 1, 3, 10, 1, 2),
(2404, 58, 1, 5, 10, 1, 2),
(2405, 58, 1, 7, 10, 1, 2),
(2406, 58, 1, 9, 10, 1, 2),
(2408, 58, 1, 5, 4, 5, 1),
(2409, 59, 1, 1, 2, 5, 1),
(2410, 59, 1, 1, 4, 5, 1),
(2411, 59, 1, 2, 1, 5, 1),
(2412, 59, 1, 2, 3, 5, 1),
(2413, 59, 1, 3, 2, 5, 1),
(2414, 59, 1, 3, 4, 5, 1),
(2415, 59, 1, 4, 1, 5, 1),
(2416, 59, 1, 4, 3, 5, 1),
(2417, 59, 1, 5, 2, 5, 1),
(2418, 59, 1, 5, 4, 5, 1),
(2419, 59, 1, 6, 1, 5, 1),
(2420, 59, 1, 6, 3, 5, 1),
(2421, 59, 1, 7, 2, 5, 1),
(2422, 59, 1, 7, 4, 5, 1),
(2423, 59, 1, 8, 1, 5, 1),
(2424, 59, 1, 8, 3, 5, 1),
(2425, 59, 1, 9, 2, 5, 1),
(2426, 59, 1, 9, 4, 5, 1),
(2427, 59, 1, 10, 1, 5, 1),
(2428, 59, 1, 10, 3, 5, 1),
(2429, 59, 1, 2, 7, 2, 2),
(2430, 59, 1, 4, 7, 2, 2),
(2431, 59, 1, 6, 7, 2, 2),
(2432, 59, 1, 8, 7, 2, 2),
(2433, 59, 1, 10, 7, 2, 2),
(2434, 59, 1, 1, 8, 2, 2),
(2435, 59, 1, 3, 8, 2, 2),
(2436, 59, 1, 5, 8, 2, 2),
(2437, 59, 1, 7, 8, 2, 2),
(2438, 59, 1, 9, 8, 2, 2),
(2439, 59, 1, 2, 9, 2, 2),
(2440, 59, 1, 4, 9, 2, 2),
(2441, 59, 1, 6, 9, 2, 2),
(2442, 59, 1, 8, 9, 2, 2),
(2443, 59, 1, 10, 9, 2, 2),
(2444, 59, 1, 1, 10, 2, 2),
(2445, 59, 1, 3, 10, 2, 2),
(2446, 59, 1, 5, 10, 2, 2),
(2447, 59, 1, 7, 10, 2, 2),
(2448, 59, 1, 9, 10, 2, 2),
(2449, 60, 1, 1, 2, 5, 1),
(2450, 60, 1, 1, 4, 5, 1),
(2451, 60, 1, 2, 1, 5, 1),
(2452, 60, 1, 2, 3, 5, 1),
(2453, 60, 1, 3, 2, 5, 1),
(2454, 60, 1, 3, 4, 5, 1),
(2455, 60, 1, 4, 1, 5, 1),
(2456, 60, 1, 4, 3, 5, 1),
(2457, 60, 1, 5, 2, 5, 1),
(2458, 60, 1, 5, 4, 5, 1),
(2459, 60, 1, 6, 1, 5, 1),
(2460, 60, 1, 6, 3, 5, 1),
(2461, 60, 1, 7, 2, 5, 1),
(2462, 60, 1, 7, 4, 5, 1),
(2463, 60, 1, 8, 1, 5, 1),
(2464, 60, 1, 8, 3, 5, 1),
(2465, 60, 1, 9, 2, 5, 1),
(2466, 60, 1, 9, 4, 5, 1),
(2467, 60, 1, 10, 1, 5, 1),
(2468, 60, 1, 10, 3, 5, 1),
(2469, 60, 1, 2, 7, 3, 2),
(2470, 60, 1, 4, 7, 3, 2),
(2471, 60, 1, 6, 7, 3, 2),
(2472, 60, 1, 8, 7, 3, 2),
(2473, 60, 1, 10, 7, 3, 2),
(2474, 60, 1, 1, 8, 3, 2),
(2475, 60, 1, 3, 8, 3, 2),
(2476, 60, 1, 5, 8, 3, 2),
(2477, 60, 1, 7, 8, 3, 2),
(2478, 60, 1, 9, 8, 3, 2),
(2479, 60, 1, 2, 9, 3, 2),
(2480, 60, 1, 4, 9, 3, 2),
(2481, 60, 1, 6, 9, 3, 2),
(2482, 60, 1, 8, 9, 3, 2),
(2483, 60, 1, 10, 9, 3, 2),
(2484, 60, 1, 1, 10, 3, 2),
(2485, 60, 1, 3, 10, 3, 2),
(2486, 60, 1, 5, 10, 3, 2),
(2487, 60, 1, 7, 10, 3, 2),
(2488, 60, 1, 9, 10, 3, 2),
(2489, 61, 1, 1, 2, 5, 1),
(2491, 61, 1, 2, 1, 5, 1),
(2492, 61, 1, 2, 3, 5, 1),
(2493, 61, 1, 3, 2, 5, 1),
(2494, 61, 1, 3, 4, 5, 1),
(2495, 61, 1, 4, 1, 5, 1),
(2496, 61, 1, 4, 3, 5, 1),
(2497, 61, 1, 5, 2, 5, 1),
(2499, 61, 1, 6, 1, 5, 1),
(2500, 61, 1, 6, 3, 5, 1),
(2501, 61, 1, 7, 2, 5, 1),
(2503, 61, 1, 8, 1, 5, 1),
(2504, 61, 1, 8, 3, 5, 1),
(2505, 61, 1, 9, 2, 5, 1),
(2507, 61, 1, 10, 1, 5, 1),
(2508, 61, 1, 10, 3, 5, 1),
(2509, 61, 1, 2, 7, 2, 2),
(2510, 61, 1, 4, 7, 2, 2),
(2511, 61, 1, 6, 7, 2, 2),
(2512, 61, 1, 8, 7, 2, 2),
(2513, 61, 1, 10, 7, 2, 2),
(2514, 61, 1, 1, 8, 2, 2),
(2515, 61, 1, 3, 8, 2, 2),
(2516, 61, 1, 5, 8, 2, 2),
(2517, 61, 1, 7, 8, 2, 2),
(2518, 61, 1, 9, 8, 2, 2),
(2519, 61, 1, 2, 9, 2, 2),
(2520, 61, 1, 4, 9, 2, 2),
(2521, 61, 1, 6, 9, 2, 2),
(2522, 61, 1, 8, 9, 2, 2),
(2523, 61, 1, 10, 9, 2, 2),
(2524, 61, 1, 1, 10, 2, 2),
(2525, 61, 1, 3, 10, 2, 2),
(2526, 61, 1, 5, 10, 2, 2),
(2527, 61, 1, 7, 10, 2, 2),
(2528, 61, 1, 9, 10, 2, 2),
(2530, 61, 1, 5, 4, 5, 1),
(2543, 61, 1, 10, 5, 5, 1),
(2544, 61, 1, 7, 4, 5, 1),
(2546, 61, 1, 1, 4, 5, 1),
(2547, 62, 1, 1, 2, 5, 1),
(2548, 62, 1, 1, 4, 5, 1),
(2549, 62, 1, 2, 1, 5, 1),
(2550, 62, 1, 2, 3, 5, 1),
(2551, 62, 1, 3, 2, 5, 1),
(2552, 62, 1, 2, 5, 5, 1),
(2553, 62, 1, 4, 1, 5, 1),
(2554, 62, 1, 4, 3, 5, 1),
(2555, 62, 1, 5, 2, 5, 1),
(2556, 62, 1, 5, 4, 5, 1),
(2557, 62, 1, 6, 1, 5, 1),
(2558, 62, 1, 6, 3, 5, 1),
(2559, 62, 1, 7, 2, 5, 1),
(2560, 62, 1, 7, 4, 5, 1),
(2561, 62, 1, 8, 1, 5, 1),
(2562, 62, 1, 8, 3, 5, 1),
(2563, 62, 1, 9, 2, 5, 1),
(2564, 62, 1, 9, 4, 5, 1),
(2565, 62, 1, 10, 1, 5, 1),
(2566, 62, 1, 10, 3, 5, 1),
(2567, 62, 1, 2, 7, 2, 2),
(2568, 62, 1, 4, 7, 2, 2),
(2569, 62, 1, 6, 7, 2, 2),
(2570, 62, 1, 8, 7, 2, 2),
(2571, 62, 1, 10, 7, 2, 2),
(2572, 62, 1, 1, 8, 2, 2),
(2573, 62, 1, 3, 8, 2, 2),
(2574, 62, 1, 5, 8, 2, 2),
(2575, 62, 1, 7, 8, 2, 2),
(2576, 62, 1, 9, 8, 2, 2),
(2577, 62, 1, 2, 9, 2, 2),
(2578, 62, 1, 4, 9, 2, 2),
(2579, 62, 1, 6, 9, 2, 2),
(2580, 62, 1, 8, 9, 2, 2),
(2581, 62, 1, 10, 9, 2, 2),
(2582, 62, 1, 1, 10, 2, 2),
(2583, 62, 1, 3, 10, 2, 2),
(2584, 62, 1, 5, 10, 2, 2),
(2585, 62, 1, 7, 10, 2, 2),
(2586, 62, 1, 9, 10, 2, 2),
(2587, 63, 1, 1, 2, 5, 1),
(2588, 63, 1, 2, 5, 5, 1),
(2589, 63, 1, 2, 1, 5, 1),
(2590, 63, 1, 2, 3, 5, 1),
(2591, 63, 1, 3, 2, 5, 1),
(2592, 63, 1, 4, 5, 5, 1),
(2593, 63, 1, 4, 1, 5, 1),
(2594, 63, 1, 4, 3, 5, 1),
(2595, 63, 1, 5, 2, 5, 1),
(2596, 63, 1, 5, 4, 5, 1),
(2597, 63, 1, 6, 1, 5, 1),
(2598, 63, 1, 6, 3, 5, 1),
(2599, 63, 1, 7, 2, 5, 1),
(2600, 63, 1, 6, 5, 5, 1),
(2601, 63, 1, 8, 1, 5, 1),
(2602, 63, 1, 8, 3, 5, 1),
(2603, 63, 1, 9, 2, 5, 1),
(2604, 63, 1, 9, 8, 5, 1),
(2605, 63, 1, 10, 1, 5, 1),
(2606, 63, 1, 10, 3, 5, 1),
(2607, 63, 1, 3, 6, 3, 2),
(2608, 63, 1, 5, 8, 3, 2),
(2609, 63, 1, 8, 5, 3, 2),
(2610, 63, 1, 5, 6, 3, 2),
(2611, 63, 1, 9, 4, 3, 2),
(2612, 63, 1, 1, 6, 3, 2),
(2613, 63, 1, 3, 8, 3, 2),
(2614, 63, 1, 6, 7, 3, 2),
(2615, 63, 1, 7, 8, 3, 2),
(2616, 63, 1, 10, 5, 3, 2),
(2617, 63, 1, 2, 9, 3, 2),
(2618, 63, 1, 4, 9, 3, 2),
(2619, 63, 1, 6, 9, 3, 2),
(2620, 63, 1, 8, 9, 3, 2),
(2621, 63, 1, 10, 9, 3, 2),
(2622, 63, 1, 1, 10, 3, 2),
(2623, 63, 1, 3, 10, 3, 2),
(2624, 63, 1, 5, 10, 3, 2),
(2625, 63, 1, 7, 10, 3, 2),
(2626, 63, 1, 9, 10, 3, 2),
(2627, 64, 1, 1, 2, 6, 1),
(2629, 64, 1, 2, 1, 6, 1),
(2630, 64, 1, 2, 3, 6, 1),
(2631, 64, 1, 3, 2, 6, 1),
(2632, 64, 1, 3, 4, 6, 1),
(2633, 64, 1, 4, 1, 6, 1),
(2634, 64, 1, 4, 3, 6, 1),
(2635, 64, 1, 5, 2, 6, 1),
(2637, 64, 1, 6, 1, 6, 1),
(2638, 64, 1, 5, 4, 6, 1),
(2639, 64, 1, 7, 2, 6, 1),
(2641, 64, 1, 8, 1, 6, 1),
(2643, 64, 1, 9, 2, 6, 1),
(2644, 64, 1, 9, 4, 6, 1),
(2645, 64, 1, 10, 1, 6, 1),
(2646, 64, 1, 10, 3, 6, 1),
(2647, 64, 1, 1, 6, 5, 2),
(2651, 64, 1, 10, 7, 5, 2),
(2653, 64, 1, 5, 6, 5, 2),
(2654, 64, 1, 5, 8, 5, 2),
(2655, 64, 1, 9, 6, 5, 2),
(2656, 64, 1, 9, 8, 5, 2),
(2657, 64, 1, 2, 9, 5, 2),
(2658, 64, 1, 4, 9, 5, 2),
(2659, 64, 1, 6, 9, 5, 2),
(2660, 64, 1, 8, 9, 5, 2),
(2661, 64, 1, 10, 9, 5, 2),
(2662, 64, 1, 1, 10, 5, 2),
(2663, 64, 1, 3, 10, 5, 2),
(2664, 64, 1, 5, 10, 5, 2),
(2665, 64, 1, 7, 10, 5, 2),
(2666, 64, 1, 9, 10, 5, 2),
(2667, 65, 1, 1, 2, 6, 1),
(2669, 65, 1, 2, 1, 6, 1),
(2670, 65, 1, 2, 3, 6, 1),
(2671, 65, 1, 3, 2, 6, 1),
(2672, 65, 1, 1, 6, 6, 1),
(2673, 65, 1, 4, 1, 6, 1),
(2674, 65, 1, 4, 3, 6, 1),
(2675, 65, 1, 5, 2, 6, 1),
(2677, 65, 1, 6, 1, 6, 1),
(2679, 65, 1, 7, 2, 6, 1),
(2681, 65, 1, 8, 1, 6, 1),
(2683, 65, 1, 9, 2, 6, 1),
(2685, 65, 1, 10, 1, 6, 1),
(2686, 65, 1, 10, 3, 6, 1),
(2689, 65, 1, 7, 4, 5, 2),
(2692, 65, 1, 1, 8, 5, 2),
(2693, 65, 1, 3, 8, 5, 2),
(2694, 65, 1, 4, 7, 5, 2),
(2695, 65, 1, 7, 8, 5, 2),
(2696, 65, 1, 7, 6, 5, 2),
(2697, 65, 1, 2, 9, 5, 2),
(2698, 65, 1, 4, 9, 5, 2),
(2699, 65, 1, 6, 9, 5, 2),
(2700, 65, 1, 8, 9, 5, 2),
(2701, 65, 1, 10, 9, 5, 2),
(2702, 65, 1, 1, 10, 5, 2),
(2703, 65, 1, 3, 10, 5, 2),
(2704, 65, 1, 5, 10, 5, 2),
(2705, 65, 1, 7, 10, 5, 2),
(2706, 65, 1, 9, 10, 5, 2),
(2707, 66, 1, 1, 2, 5, 1),
(2709, 66, 1, 2, 1, 5, 1),
(2710, 66, 1, 2, 3, 5, 1),
(2711, 66, 1, 3, 2, 5, 1),
(2712, 66, 1, 3, 4, 5, 1),
(2713, 66, 1, 4, 1, 5, 1),
(2714, 66, 1, 4, 3, 5, 1),
(2715, 66, 1, 5, 2, 5, 1),
(2717, 66, 1, 6, 1, 5, 1),
(2719, 66, 1, 7, 2, 5, 1),
(2721, 66, 1, 8, 1, 5, 1),
(2722, 66, 1, 1, 6, 5, 1),
(2723, 66, 1, 9, 2, 5, 1),
(2725, 66, 1, 10, 1, 5, 1),
(2727, 66, 1, 1, 4, 6, 2),
(2731, 66, 1, 7, 4, 6, 2),
(2732, 66, 1, 1, 8, 6, 2),
(2735, 66, 1, 8, 7, 6, 2),
(2736, 66, 1, 9, 8, 6, 2),
(2737, 66, 1, 2, 9, 6, 2),
(2738, 66, 1, 4, 9, 6, 2),
(2740, 66, 1, 8, 9, 6, 2),
(2741, 66, 1, 10, 9, 6, 2),
(2742, 66, 1, 1, 10, 6, 2),
(2743, 66, 1, 3, 10, 6, 2),
(2744, 66, 1, 5, 10, 6, 2),
(2745, 66, 1, 7, 10, 6, 2),
(2746, 66, 1, 9, 10, 6, 2),
(2747, 67, 1, 1, 2, 5, 1),
(2748, 67, 1, 2, 5, 5, 1),
(2749, 67, 1, 2, 1, 5, 1),
(2750, 67, 1, 2, 3, 5, 1),
(2751, 67, 1, 3, 2, 5, 1),
(2753, 67, 1, 4, 1, 5, 1),
(2754, 67, 1, 4, 3, 5, 1),
(2755, 67, 1, 5, 2, 5, 1),
(2756, 67, 1, 4, 9, 5, 1),
(2757, 67, 1, 6, 1, 5, 1),
(2758, 67, 1, 6, 3, 5, 1),
(2759, 67, 1, 7, 2, 5, 1),
(2761, 67, 1, 8, 1, 5, 1),
(2762, 67, 1, 8, 3, 5, 1),
(2763, 67, 1, 9, 2, 5, 1),
(2765, 67, 1, 10, 1, 5, 1),
(2766, 67, 1, 10, 3, 5, 1),
(2767, 67, 1, 2, 7, 6, 2),
(2771, 67, 1, 10, 7, 6, 2),
(2772, 67, 1, 1, 8, 6, 2),
(2773, 67, 1, 3, 8, 6, 2),
(2774, 67, 1, 5, 4, 6, 2),
(2775, 67, 1, 7, 8, 6, 2),
(2776, 67, 1, 9, 8, 6, 2),
(2777, 67, 1, 2, 9, 6, 2),
(2779, 67, 1, 6, 9, 6, 2),
(2780, 67, 1, 8, 9, 6, 2),
(2781, 67, 1, 10, 9, 6, 2),
(2782, 67, 1, 1, 10, 6, 2),
(2783, 67, 1, 3, 10, 6, 2),
(2784, 67, 1, 5, 10, 6, 2),
(2785, 67, 1, 7, 10, 6, 2),
(2786, 67, 1, 9, 10, 6, 2),
(2787, 68, 1, 1, 2, 5, 1),
(2789, 68, 1, 2, 1, 5, 1),
(2790, 68, 1, 1, 10, 5, 1),
(2791, 68, 1, 3, 2, 5, 1),
(2793, 68, 1, 4, 1, 5, 1),
(2795, 68, 1, 5, 2, 5, 1),
(2797, 68, 1, 6, 1, 5, 1),
(2798, 68, 1, 5, 4, 5, 1),
(2799, 68, 1, 7, 2, 5, 1),
(2801, 68, 1, 8, 1, 5, 1),
(2802, 68, 1, 8, 3, 5, 1),
(2803, 68, 1, 9, 2, 5, 1),
(2805, 68, 1, 10, 1, 5, 1),
(2806, 68, 1, 10, 3, 5, 1),
(2811, 68, 1, 10, 7, 6, 2),
(2813, 68, 1, 9, 6, 6, 2),
(2814, 68, 1, 5, 8, 6, 2),
(2815, 68, 1, 7, 8, 6, 2),
(2816, 68, 1, 9, 8, 6, 2),
(2817, 68, 1, 2, 7, 6, 2),
(2818, 68, 1, 4, 9, 6, 2),
(2819, 68, 1, 6, 9, 6, 2),
(2820, 68, 1, 8, 9, 6, 2),
(2821, 68, 1, 10, 9, 6, 2),
(2823, 68, 1, 3, 10, 6, 2),
(2824, 68, 1, 5, 10, 6, 2),
(2825, 68, 1, 7, 10, 6, 2),
(2826, 68, 1, 9, 10, 6, 2),
(2827, 69, 1, 1, 2, 5, 1),
(2829, 69, 1, 2, 1, 5, 1),
(2830, 69, 1, 2, 3, 5, 1),
(2831, 69, 1, 3, 2, 5, 1),
(2833, 69, 1, 4, 1, 5, 1),
(2835, 69, 1, 5, 2, 5, 1),
(2837, 69, 1, 6, 1, 5, 1),
(2839, 69, 1, 7, 2, 5, 1),
(2841, 69, 1, 8, 1, 5, 1),
(2842, 69, 1, 8, 3, 5, 1),
(2843, 69, 1, 9, 2, 5, 1),
(2845, 69, 1, 10, 1, 5, 1),
(2846, 69, 1, 10, 3, 5, 1),
(2851, 69, 1, 10, 7, 3, 2),
(2852, 69, 1, 1, 8, 3, 2),
(2853, 69, 1, 2, 7, 3, 2),
(2854, 69, 1, 5, 8, 3, 2),
(2855, 69, 1, 7, 8, 3, 2),
(2856, 69, 1, 6, 7, 3, 2),
(2857, 69, 1, 2, 9, 3, 2),
(2858, 69, 1, 4, 9, 3, 2),
(2859, 69, 1, 6, 9, 3, 2),
(2860, 69, 1, 8, 9, 3, 2),
(2861, 69, 1, 10, 9, 3, 2),
(2862, 69, 1, 1, 10, 3, 2),
(2863, 69, 1, 3, 10, 3, 2),
(2864, 69, 1, 5, 10, 3, 2),
(2865, 69, 1, 7, 10, 3, 2),
(2866, 69, 1, 9, 10, 3, 2),
(2867, 70, 1, 1, 2, 5, 1),
(2868, 70, 1, 1, 4, 5, 1),
(2869, 70, 1, 2, 1, 5, 1),
(2870, 70, 1, 2, 3, 5, 1),
(2871, 70, 1, 3, 2, 5, 1),
(2872, 70, 1, 3, 4, 5, 1),
(2873, 70, 1, 4, 1, 5, 1),
(2874, 70, 1, 4, 3, 5, 1),
(2875, 70, 1, 5, 2, 5, 1),
(2876, 70, 1, 4, 5, 5, 1),
(2877, 70, 1, 6, 1, 5, 1),
(2878, 70, 1, 6, 3, 5, 1),
(2879, 70, 1, 7, 2, 5, 1),
(2881, 70, 1, 8, 1, 5, 1),
(2882, 70, 1, 7, 4, 5, 1),
(2883, 70, 1, 8, 3, 5, 1),
(2884, 70, 1, 7, 10, 5, 1),
(2885, 70, 1, 10, 3, 5, 1),
(2886, 70, 2, 9, 10, 5, 1),
(2887, 70, 1, 2, 7, 2, 2),
(2888, 70, 1, 4, 7, 2, 2),
(2889, 70, 1, 5, 6, 2, 2),
(2890, 70, 1, 5, 4, 2, 2),
(2891, 70, 1, 10, 5, 2, 2),
(2892, 70, 1, 1, 8, 2, 2),
(2893, 70, 1, 3, 8, 2, 2),
(2894, 70, 1, 7, 6, 2, 2),
(2895, 70, 1, 8, 5, 2, 2),
(2896, 70, 1, 9, 4, 2, 2),
(2897, 70, 1, 2, 9, 2, 2),
(2898, 70, 1, 4, 9, 2, 2),
(2899, 70, 1, 5, 8, 2, 2),
(2900, 70, 1, 7, 8, 2, 2),
(2902, 70, 1, 1, 10, 2, 2),
(2903, 70, 1, 3, 10, 2, 2),
(2904, 70, 1, 5, 10, 2, 2),
(2905, 70, 1, 6, 9, 2, 2),
(2906, 70, 1, 8, 9, 2, 2),
(2907, 71, 1, 1, 2, 5, 1),
(2908, 71, 1, 1, 4, 5, 1),
(2909, 71, 1, 2, 1, 5, 1),
(2910, 71, 1, 2, 3, 5, 1),
(2911, 71, 1, 3, 2, 5, 1),
(2912, 71, 1, 3, 4, 5, 1),
(2913, 71, 1, 4, 1, 5, 1),
(2914, 71, 1, 4, 3, 5, 1),
(2915, 71, 1, 5, 2, 5, 1),
(2916, 71, 1, 5, 4, 5, 1),
(2917, 71, 1, 6, 1, 5, 1),
(2918, 71, 1, 6, 3, 5, 1),
(2919, 71, 1, 7, 2, 5, 1),
(2920, 71, 1, 7, 4, 5, 1),
(2921, 71, 1, 8, 1, 5, 1),
(2922, 71, 1, 8, 3, 5, 1),
(2923, 71, 1, 9, 2, 5, 1),
(2924, 71, 1, 9, 4, 5, 1),
(2925, 71, 1, 10, 1, 5, 1),
(2926, 71, 1, 10, 3, 5, 1),
(2927, 71, 1, 2, 7, 3, 2),
(2928, 71, 1, 4, 7, 3, 2),
(2929, 71, 1, 6, 7, 3, 2),
(2930, 71, 1, 8, 7, 3, 2),
(2931, 71, 1, 10, 7, 3, 2),
(2932, 71, 1, 1, 8, 3, 2),
(2933, 71, 1, 3, 8, 3, 2),
(2934, 71, 1, 5, 8, 3, 2),
(2935, 71, 1, 7, 8, 3, 2),
(2936, 71, 1, 9, 8, 3, 2),
(2937, 71, 1, 2, 9, 3, 2),
(2938, 71, 1, 4, 9, 3, 2),
(2939, 71, 1, 6, 9, 3, 2),
(2940, 71, 1, 8, 9, 3, 2),
(2941, 71, 1, 10, 9, 3, 2),
(2942, 71, 1, 1, 10, 3, 2),
(2943, 71, 1, 3, 10, 3, 2),
(2944, 71, 1, 5, 10, 3, 2),
(2945, 71, 1, 7, 10, 3, 2),
(2946, 71, 1, 9, 10, 3, 2),
(2947, 72, 1, 1, 2, 5, 1),
(2949, 72, 1, 2, 1, 5, 1),
(2950, 72, 1, 1, 4, 5, 1),
(2951, 72, 2, 1, 10, 5, 1),
(2956, 72, 2, 3, 10, 5, 1),
(2957, 72, 1, 6, 1, 5, 1),
(2959, 72, 1, 6, 3, 5, 1),
(2961, 72, 1, 8, 1, 5, 1),
(2963, 72, 1, 9, 2, 5, 1),
(2965, 72, 1, 10, 1, 5, 1),
(2966, 72, 1, 10, 3, 5, 1),
(2968, 72, 2, 4, 1, 3, 2),
(2969, 72, 1, 5, 6, 3, 2),
(2970, 72, 1, 8, 7, 3, 2),
(2971, 72, 1, 9, 6, 3, 2),
(2974, 72, 1, 5, 8, 3, 2),
(2975, 72, 1, 7, 8, 3, 2),
(2976, 72, 1, 9, 8, 3, 2),
(2978, 72, 1, 10, 5, 3, 2),
(2979, 72, 1, 6, 9, 3, 2),
(2980, 72, 1, 8, 9, 3, 2),
(2981, 72, 1, 10, 9, 3, 2),
(2982, 72, 1, 4, 7, 3, 2),
(2983, 72, 1, 4, 9, 3, 2),
(2984, 72, 1, 5, 10, 3, 2),
(2985, 72, 1, 7, 10, 3, 2),
(2986, 72, 1, 9, 10, 3, 2),
(2987, 73, 1, 3, 4, 5, 1),
(2989, 73, 1, 2, 1, 5, 1),
(2990, 73, 1, 1, 4, 5, 1),
(2991, 73, 1, 3, 2, 5, 1),
(2993, 73, 1, 4, 1, 5, 1),
(2994, 73, 1, 4, 3, 5, 1),
(2995, 73, 1, 5, 2, 5, 1),
(2997, 73, 1, 6, 1, 5, 1),
(2998, 73, 1, 6, 3, 5, 1),
(2999, 73, 1, 7, 2, 5, 1),
(3001, 73, 1, 8, 1, 5, 1),
(3002, 73, 1, 8, 3, 5, 1),
(3003, 73, 1, 9, 2, 5, 1),
(3004, 73, 2, 4, 5, 5, 1),
(3005, 73, 1, 10, 1, 5, 1),
(3006, 73, 1, 10, 3, 5, 1),
(3012, 73, 1, 5, 4, 4, 2),
(3014, 73, 1, 7, 4, 4, 2),
(3021, 73, 1, 9, 10, 4, 2),
(3026, 73, 1, 6, 7, 4, 2),
(3027, 74, 1, 1, 2, 5, 1),
(3028, 74, 2, 3, 10, 5, 1),
(3029, 74, 1, 2, 1, 5, 1),
(3030, 74, 1, 2, 3, 5, 1),
(3031, 74, 1, 3, 2, 5, 1),
(3032, 74, 1, 6, 9, 5, 1),
(3033, 74, 1, 4, 1, 5, 1),
(3034, 74, 1, 4, 3, 5, 1),
(3035, 74, 1, 5, 2, 5, 1),
(3036, 74, 1, 2, 5, 5, 1),
(3037, 74, 1, 6, 1, 5, 1),
(3038, 74, 1, 6, 3, 5, 1),
(3039, 74, 1, 7, 2, 5, 1),
(3040, 74, 1, 7, 4, 5, 1),
(3041, 74, 1, 8, 1, 5, 1),
(3042, 74, 1, 8, 3, 5, 1),
(3043, 74, 1, 9, 2, 5, 1),
(3044, 74, 1, 9, 4, 5, 1),
(3045, 74, 1, 10, 1, 5, 1),
(3046, 74, 1, 10, 3, 5, 1),
(3056, 74, 1, 9, 8, 3, 2),
(3061, 74, 1, 10, 9, 3, 2),
(3065, 74, 1, 7, 6, 3, 2),
(3066, 74, 1, 9, 10, 3, 2),
(3067, 75, 1, 1, 2, 5, 1),
(3069, 75, 1, 2, 1, 5, 1),
(3073, 75, 1, 4, 1, 5, 1),
(3074, 75, 2, 1, 10, 5, 1),
(3079, 75, 1, 7, 2, 5, 1),
(3081, 75, 1, 8, 1, 5, 1),
(3082, 75, 1, 8, 3, 5, 1),
(3083, 75, 1, 9, 2, 5, 1),
(3085, 75, 1, 10, 1, 5, 1),
(3086, 75, 1, 10, 3, 5, 1),
(3088, 75, 2, 6, 1, 1, 2),
(3089, 75, 1, 9, 4, 1, 2),
(3090, 75, 1, 6, 5, 1, 2),
(3091, 75, 1, 10, 7, 1, 2),
(3095, 75, 1, 7, 8, 1, 2),
(3096, 75, 1, 9, 8, 1, 2),
(3099, 75, 1, 6, 9, 1, 2),
(3100, 75, 1, 8, 9, 1, 2),
(3101, 75, 1, 10, 9, 1, 2),
(3102, 75, 1, 3, 6, 1, 2),
(3103, 75, 1, 3, 4, 1, 2),
(3105, 75, 1, 7, 10, 1, 2),
(3106, 75, 1, 9, 10, 1, 2),
(3107, 76, 1, 1, 2, 5, 1),
(3109, 76, 1, 2, 1, 5, 1),
(3110, 76, 1, 2, 3, 5, 1),
(3111, 76, 1, 3, 2, 5, 1),
(3113, 76, 1, 4, 1, 5, 1),
(3114, 76, 1, 3, 4, 5, 1),
(3115, 76, 1, 5, 2, 5, 1),
(3117, 76, 1, 6, 1, 5, 1),
(3118, 76, 1, 2, 7, 5, 1),
(3119, 76, 1, 7, 2, 5, 1),
(3120, 76, 1, 7, 4, 5, 1),
(3121, 76, 1, 8, 1, 5, 1),
(3122, 76, 1, 8, 3, 5, 1),
(3123, 76, 1, 9, 2, 5, 1),
(3124, 76, 2, 5, 4, 5, 1),
(3125, 76, 1, 10, 1, 5, 1),
(3126, 76, 1, 10, 3, 5, 1),
(3131, 76, 1, 9, 6, 2, 2),
(3133, 76, 1, 4, 3, 2, 2),
(3135, 76, 1, 7, 8, 2, 2),
(3136, 76, 1, 9, 8, 2, 2),
(3139, 76, 1, 1, 4, 2, 2),
(3140, 76, 1, 8, 9, 2, 2),
(3141, 76, 1, 10, 9, 2, 2),
(3142, 76, 1, 2, 9, 2, 2),
(3145, 76, 1, 7, 10, 2, 2),
(3146, 76, 1, 9, 10, 2, 2),
(3344, 77, 1, 1, 2, 6, 1),
(3345, 77, 2, 10, 9, 6, 1),
(3346, 77, 1, 2, 1, 6, 1),
(3347, 77, 1, 2, 3, 6, 1),
(3348, 77, 1, 3, 2, 6, 1),
(3350, 77, 1, 4, 1, 6, 1),
(3351, 77, 1, 4, 3, 6, 1),
(3352, 77, 1, 5, 2, 6, 1),
(3353, 77, 1, 6, 1, 6, 1),
(3354, 77, 1, 6, 3, 6, 1),
(3355, 77, 1, 7, 2, 6, 1),
(3356, 77, 1, 8, 1, 6, 1),
(3357, 77, 1, 7, 4, 6, 1),
(3358, 77, 1, 10, 3, 6, 1),
(3359, 77, 1, 9, 2, 6, 1),
(3360, 77, 1, 10, 7, 6, 1),
(3361, 77, 1, 1, 4, 7, 2),
(3362, 77, 1, 1, 8, 7, 2),
(3363, 77, 1, 9, 4, 7, 2),
(3364, 77, 1, 8, 9, 7, 2),
(3366, 77, 1, 1, 10, 7, 2),
(3367, 77, 1, 3, 10, 7, 2),
(3368, 77, 1, 6, 9, 7, 2),
(3369, 77, 1, 7, 10, 7, 2),
(3370, 77, 1, 9, 10, 7, 2),
(3371, 77, 1, 1, 2, 6, 1),
(3372, 77, 2, 10, 9, 6, 1),
(3373, 77, 1, 2, 1, 6, 1),
(3374, 77, 1, 2, 3, 6, 1),
(3375, 77, 1, 3, 2, 6, 1),
(3376, 77, 1, 9, 6, 6, 1),
(3377, 77, 1, 4, 1, 6, 1),
(3378, 77, 1, 4, 3, 6, 1),
(3379, 77, 1, 5, 2, 6, 1),
(3380, 77, 1, 6, 1, 6, 1),
(3381, 77, 1, 6, 3, 6, 1),
(3382, 77, 1, 7, 2, 6, 1),
(3383, 77, 1, 8, 1, 6, 1),
(3384, 77, 1, 7, 4, 6, 1),
(3385, 77, 1, 10, 3, 6, 1),
(3386, 77, 1, 9, 2, 6, 1),
(3387, 77, 1, 10, 7, 6, 1),
(3388, 77, 1, 1, 4, 7, 2),
(3390, 77, 1, 1, 8, 7, 2),
(3391, 77, 1, 9, 4, 7, 2),
(3392, 77, 1, 8, 9, 7, 2),
(3393, 77, 1, 9, 8, 7, 2),
(3394, 77, 1, 1, 10, 7, 2),
(3395, 77, 1, 3, 10, 7, 2),
(3396, 77, 1, 6, 9, 7, 2),
(3397, 77, 1, 7, 10, 7, 2),
(3398, 77, 1, 9, 10, 7, 2),
(3510, 78, 1, 1, 2, 7, 1),
(3511, 78, 2, 8, 5, 7, 1),
(3512, 78, 1, 2, 1, 7, 1),
(3513, 78, 1, 1, 4, 7, 1),
(3514, 78, 1, 3, 2, 7, 1),
(3516, 78, 1, 4, 1, 7, 1),
(3517, 78, 1, 5, 4, 7, 1),
(3519, 78, 1, 6, 1, 7, 1),
(3522, 78, 1, 2, 5, 7, 1),
(3527, 78, 1, 10, 1, 7, 1),
(3528, 78, 2, 3, 10, 7, 1),
(3533, 78, 1, 8, 3, 6, 2),
(3537, 78, 1, 9, 8, 6, 2),
(3541, 78, 1, 8, 9, 6, 2),
(3542, 78, 1, 10, 9, 6, 2),
(3543, 78, 1, 1, 10, 6, 2),
(3546, 78, 1, 7, 10, 6, 2),
(3547, 78, 1, 9, 10, 6, 2),
(3573, 79, 1, 1, 2, 7, 1),
(3575, 79, 1, 2, 1, 7, 1),
(3579, 79, 1, 4, 1, 7, 1),
(3581, 79, 1, 5, 2, 7, 1),
(3583, 79, 1, 7, 2, 7, 1),
(3587, 79, 1, 8, 1, 7, 1),
(3591, 79, 1, 10, 3, 7, 1),
(3593, 79, 1, 5, 4, 4, 2),
(3599, 79, 1, 3, 8, 4, 2),
(3601, 79, 1, 7, 4, 4, 2),
(3602, 79, 1, 9, 8, 4, 2),
(3603, 79, 1, 2, 9, 4, 2),
(3604, 79, 1, 4, 9, 4, 2),
(3605, 79, 1, 6, 9, 4, 2),
(3606, 79, 1, 8, 9, 4, 2),
(3607, 79, 1, 10, 9, 4, 2),
(3608, 79, 1, 1, 10, 4, 2),
(3609, 79, 1, 3, 10, 4, 2),
(3610, 79, 1, 5, 10, 4, 2),
(3611, 79, 1, 7, 10, 4, 2),
(3612, 79, 1, 9, 10, 4, 2),
(3684, 80, 1, 1, 2, 4, 1),
(3685, 80, 1, 2, 1, 4, 1),
(3686, 80, 1, 3, 2, 4, 1),
(3687, 80, 1, 7, 2, 4, 1),
(3688, 80, 1, 4, 3, 4, 1),
(3689, 80, 1, 6, 1, 4, 1),
(3690, 80, 1, 8, 1, 4, 1),
(3691, 80, 1, 9, 2, 4, 1),
(3692, 80, 2, 3, 6, 4, 1),
(3693, 80, 1, 10, 1, 4, 1),
(3695, 80, 1, 9, 4, 7, 2),
(3697, 80, 1, 4, 7, 7, 2),
(3698, 80, 1, 7, 8, 7, 2),
(3701, 80, 1, 3, 8, 7, 2),
(3702, 80, 1, 5, 8, 7, 2),
(3703, 80, 1, 8, 9, 7, 2),
(3704, 80, 1, 10, 9, 7, 2),
(3705, 80, 1, 1, 10, 7, 2),
(3706, 80, 1, 5, 10, 7, 2),
(3707, 80, 1, 7, 10, 7, 2),
(3708, 80, 1, 9, 10, 7, 2),
(4034, 81, 1, 5, 2, 7, 1),
(4035, 81, 1, 6, 1, 7, 1),
(4036, 81, 1, 3, 6, 7, 1),
(4037, 81, 1, 7, 2, 7, 1),
(4038, 81, 2, 7, 4, 7, 1),
(4039, 81, 1, 8, 1, 7, 1),
(4040, 81, 1, 8, 3, 7, 1),
(4041, 81, 1, 9, 2, 7, 1),
(4042, 81, 1, 9, 4, 7, 1),
(4043, 81, 1, 10, 1, 7, 1),
(4044, 81, 1, 10, 3, 7, 1),
(4046, 81, 1, 8, 7, 4, 2),
(4047, 81, 1, 10, 7, 4, 2),
(4048, 81, 1, 2, 7, 4, 2),
(4049, 81, 1, 7, 8, 4, 2),
(4050, 81, 1, 9, 8, 4, 2),
(4052, 81, 1, 6, 9, 4, 2),
(4053, 81, 1, 8, 9, 4, 2),
(4054, 81, 1, 10, 9, 4, 2),
(4055, 81, 1, 3, 10, 4, 2),
(4056, 81, 1, 5, 10, 4, 2),
(4057, 81, 1, 7, 10, 4, 2),
(4058, 81, 1, 9, 10, 4, 2),
(4231, 82, 1, 1, 2, 4, 1),
(4232, 82, 1, 2, 1, 4, 1),
(4233, 82, 1, 2, 3, 4, 1),
(4234, 82, 1, 3, 2, 4, 1),
(4235, 82, 1, 4, 1, 4, 1),
(4236, 82, 1, 5, 2, 4, 1),
(4238, 82, 1, 6, 1, 4, 1),
(4239, 82, 1, 6, 3, 4, 1),
(4241, 82, 1, 10, 3, 4, 1),
(4242, 82, 1, 9, 6, 4, 1),
(4243, 82, 1, 9, 4, 4, 1),
(4244, 82, 1, 1, 6, 7, 2),
(4245, 82, 1, 6, 7, 7, 2),
(4246, 82, 2, 4, 7, 7, 2),
(4247, 82, 1, 8, 5, 7, 2),
(4248, 82, 1, 2, 7, 7, 2),
(4249, 82, 1, 3, 8, 7, 2),
(4250, 82, 1, 5, 8, 7, 2),
(4251, 82, 1, 7, 8, 7, 2),
(4252, 82, 1, 9, 8, 7, 2),
(4253, 82, 1, 2, 9, 7, 2),
(4254, 82, 1, 4, 9, 7, 2),
(4255, 82, 1, 6, 9, 7, 2),
(4256, 82, 1, 8, 9, 7, 2),
(4257, 82, 1, 10, 9, 7, 2),
(4258, 82, 1, 1, 10, 7, 2),
(4259, 82, 1, 3, 10, 7, 2),
(4260, 82, 1, 5, 10, 7, 2),
(4261, 82, 1, 7, 10, 7, 2),
(4262, 82, 1, 9, 10, 7, 2),
(4334, 1, 1, 1, 2, 7, 1),
(4335, 1, 1, 2, 5, 7, 1),
(4336, 1, 1, 2, 1, 7, 1),
(4337, 1, 1, 2, 3, 7, 1),
(4338, 1, 1, 3, 2, 7, 1),
(4339, 1, 1, 4, 1, 7, 1),
(4340, 1, 1, 4, 3, 7, 1),
(4341, 1, 1, 6, 3, 7, 1),
(4342, 1, 1, 6, 1, 7, 1),
(4343, 1, 1, 7, 2, 7, 1),
(4344, 1, 1, 8, 1, 7, 1),
(4345, 1, 1, 9, 2, 7, 1),
(4346, 1, 1, 10, 1, 7, 1),
(4347, 1, 1, 10, 3, 7, 1),
(4348, 1, 1, 9, 6, 6, 2),
(4349, 1, 1, 10, 7, 6, 2),
(4350, 1, 1, 1, 8, 6, 2),
(4351, 1, 1, 1, 6, 6, 2),
(4352, 1, 1, 4, 5, 6, 2),
(4353, 1, 1, 7, 8, 6, 2),
(4354, 1, 1, 10, 5, 6, 2),
(4355, 1, 1, 2, 9, 6, 2),
(4356, 1, 1, 4, 9, 6, 2),
(4357, 1, 1, 6, 9, 6, 2),
(4358, 1, 1, 8, 9, 6, 2),
(4359, 1, 1, 10, 9, 6, 2),
(4360, 1, 1, 1, 10, 6, 2),
(4361, 1, 1, 3, 10, 6, 2),
(4362, 1, 1, 5, 10, 6, 2),
(4363, 1, 1, 7, 10, 6, 2),
(4364, 1, 1, 9, 10, 6, 2),
(4365, 83, 1, 1, 2, 7, 1),
(4368, 83, 1, 2, 3, 7, 1),
(4370, 83, 1, 4, 1, 7, 1),
(4373, 83, 1, 6, 1, 7, 1),
(4376, 83, 1, 9, 2, 7, 1),
(4377, 83, 1, 10, 1, 7, 1),
(4380, 83, 1, 9, 6, 6, 2),
(4381, 83, 1, 1, 8, 6, 2),
(4382, 83, 2, 2, 1, 6, 2),
(4383, 83, 1, 3, 4, 6, 2),
(4384, 83, 1, 6, 7, 6, 2),
(4386, 83, 1, 2, 9, 6, 2),
(4387, 83, 1, 4, 9, 6, 2),
(4388, 83, 1, 6, 9, 6, 2),
(4389, 83, 1, 8, 9, 6, 2),
(4390, 83, 1, 10, 9, 6, 2),
(4391, 83, 1, 1, 10, 6, 2),
(4392, 83, 1, 3, 10, 6, 2),
(4393, 83, 1, 5, 10, 6, 2),
(4394, 83, 1, 7, 10, 6, 2),
(4395, 83, 1, 9, 10, 6, 2),
(4396, 84, 1, 1, 2, 7, 1),
(4398, 84, 1, 2, 1, 7, 1),
(4400, 84, 1, 3, 2, 7, 1),
(4402, 84, 1, 4, 1, 7, 1),
(4403, 84, 1, 4, 3, 7, 1),
(4404, 84, 1, 5, 2, 7, 1),
(4406, 84, 1, 6, 1, 7, 1),
(4407, 84, 2, 10, 5, 7, 1),
(4408, 84, 1, 7, 2, 7, 1),
(4410, 84, 1, 8, 1, 7, 1),
(4411, 84, 1, 8, 3, 7, 1),
(4412, 84, 1, 9, 2, 7, 1),
(4413, 84, 1, 9, 4, 7, 1),
(4414, 84, 1, 10, 1, 7, 1),
(4415, 84, 1, 10, 3, 7, 1),
(4416, 84, 1, 1, 6, 5, 2),
(4421, 84, 1, 1, 8, 5, 2),
(4426, 84, 1, 2, 9, 5, 2),
(4430, 84, 1, 10, 9, 5, 2),
(4431, 84, 1, 1, 10, 5, 2),
(4435, 84, 1, 9, 10, 5, 2),
(4436, 85, 1, 1, 2, 3, 1),
(4437, 85, 1, 1, 4, 3, 1),
(4438, 85, 1, 2, 1, 3, 1),
(4439, 85, 1, 2, 3, 3, 1),
(4440, 85, 1, 3, 2, 3, 1),
(4441, 85, 1, 3, 4, 3, 1),
(4442, 85, 1, 4, 1, 3, 1),
(4443, 85, 1, 4, 3, 3, 1),
(4444, 85, 1, 5, 2, 3, 1),
(4445, 85, 1, 5, 4, 3, 1),
(4446, 85, 1, 6, 1, 3, 1),
(4447, 85, 1, 6, 3, 3, 1),
(4448, 85, 1, 7, 2, 3, 1),
(4449, 85, 1, 7, 4, 3, 1),
(4450, 85, 1, 8, 1, 3, 1),
(4451, 85, 1, 8, 3, 3, 1),
(4452, 85, 1, 9, 2, 3, 1),
(4453, 85, 1, 9, 4, 3, 1),
(4454, 85, 1, 10, 1, 3, 1),
(4455, 85, 1, 10, 3, 3, 1),
(4456, 85, 1, 2, 7, 7, 2),
(4457, 85, 1, 4, 7, 7, 2),
(4458, 85, 1, 6, 7, 7, 2),
(4459, 85, 1, 8, 7, 7, 2),
(4460, 85, 1, 10, 7, 7, 2),
(4461, 85, 1, 1, 8, 7, 2),
(4462, 85, 1, 3, 8, 7, 2),
(4463, 85, 1, 5, 8, 7, 2),
(4464, 85, 1, 7, 8, 7, 2),
(4465, 85, 1, 9, 8, 7, 2),
(4466, 85, 1, 2, 9, 7, 2),
(4467, 85, 1, 4, 9, 7, 2),
(4468, 85, 1, 6, 9, 7, 2),
(4469, 85, 1, 8, 9, 7, 2),
(4470, 85, 1, 10, 9, 7, 2),
(4471, 85, 1, 1, 10, 7, 2),
(4472, 85, 1, 3, 10, 7, 2),
(4473, 85, 1, 5, 10, 7, 2),
(4474, 85, 1, 7, 10, 7, 2),
(4475, 85, 1, 9, 10, 7, 2),
(4476, 86, 1, 1, 2, 7, 1),
(4477, 86, 1, 1, 4, 7, 1),
(4478, 86, 1, 2, 1, 7, 1),
(4479, 86, 1, 2, 3, 7, 1),
(4480, 86, 1, 3, 2, 7, 1),
(4481, 86, 1, 3, 4, 7, 1),
(4482, 86, 1, 4, 1, 7, 1),
(4483, 86, 1, 4, 3, 7, 1),
(4484, 86, 1, 5, 2, 7, 1),
(4485, 86, 1, 5, 4, 7, 1),
(4486, 86, 1, 6, 1, 7, 1),
(4487, 86, 1, 6, 3, 7, 1),
(4488, 86, 1, 7, 2, 7, 1),
(4489, 86, 1, 7, 4, 7, 1),
(4490, 86, 1, 8, 1, 7, 1),
(4491, 86, 1, 8, 3, 7, 1),
(4492, 86, 1, 9, 2, 7, 1),
(4493, 86, 1, 9, 4, 7, 1),
(4494, 86, 1, 10, 1, 7, 1),
(4495, 86, 1, 10, 3, 7, 1),
(4496, 86, 1, 2, 7, 3, 2),
(4497, 86, 1, 4, 7, 3, 2),
(4498, 86, 1, 6, 7, 3, 2),
(4499, 86, 1, 8, 7, 3, 2),
(4500, 86, 1, 10, 7, 3, 2),
(4501, 86, 1, 1, 8, 3, 2),
(4502, 86, 1, 3, 8, 3, 2),
(4503, 86, 1, 5, 8, 3, 2),
(4504, 86, 1, 7, 8, 3, 2),
(4505, 86, 1, 9, 8, 3, 2),
(4506, 86, 1, 2, 9, 3, 2),
(4507, 86, 1, 4, 9, 3, 2),
(4508, 86, 1, 6, 9, 3, 2),
(4509, 86, 1, 8, 9, 3, 2),
(4510, 86, 1, 10, 9, 3, 2),
(4511, 86, 1, 1, 10, 3, 2),
(4512, 86, 1, 3, 10, 3, 2),
(4513, 86, 1, 5, 10, 3, 2),
(4514, 86, 1, 7, 10, 3, 2),
(4515, 86, 1, 9, 10, 3, 2),
(4516, 87, 1, 1, 2, 7, 1),
(4517, 87, 1, 1, 4, 7, 1),
(4518, 87, 1, 2, 1, 7, 1),
(4519, 87, 1, 2, 3, 7, 1),
(4520, 87, 1, 3, 2, 7, 1),
(4521, 87, 1, 3, 4, 7, 1),
(4522, 87, 1, 4, 1, 7, 1),
(4523, 87, 1, 4, 3, 7, 1),
(4524, 87, 1, 5, 2, 7, 1),
(4525, 87, 1, 5, 4, 7, 1),
(4526, 87, 1, 6, 1, 7, 1),
(4527, 87, 1, 6, 3, 7, 1),
(4528, 87, 1, 7, 2, 7, 1),
(4529, 87, 1, 7, 4, 7, 1),
(4530, 87, 1, 8, 1, 7, 1),
(4531, 87, 1, 8, 3, 7, 1),
(4532, 87, 1, 9, 2, 7, 1),
(4533, 87, 1, 9, 4, 7, 1),
(4534, 87, 1, 10, 1, 7, 1),
(4535, 87, 1, 10, 3, 7, 1),
(4536, 87, 1, 2, 7, 2, 2),
(4537, 87, 1, 4, 7, 2, 2),
(4538, 87, 1, 6, 7, 2, 2),
(4539, 87, 1, 8, 7, 2, 2),
(4540, 87, 1, 10, 7, 2, 2),
(4541, 87, 1, 1, 8, 2, 2),
(4542, 87, 1, 3, 8, 2, 2),
(4543, 87, 1, 5, 8, 2, 2),
(4544, 87, 1, 7, 8, 2, 2),
(4545, 87, 1, 9, 8, 2, 2),
(4546, 87, 1, 2, 9, 2, 2),
(4547, 87, 1, 4, 9, 2, 2),
(4548, 87, 1, 6, 9, 2, 2),
(4549, 87, 1, 8, 9, 2, 2),
(4550, 87, 1, 10, 9, 2, 2),
(4551, 87, 1, 1, 10, 2, 2),
(4552, 87, 1, 3, 10, 2, 2),
(4553, 87, 1, 5, 10, 2, 2),
(4554, 87, 1, 7, 10, 2, 2),
(4555, 87, 1, 9, 10, 2, 2),
(4556, 88, 1, 1, 2, 7, 1),
(4558, 88, 1, 2, 1, 7, 1),
(4559, 88, 1, 2, 3, 7, 1),
(4560, 88, 1, 3, 2, 7, 1),
(4561, 88, 1, 4, 5, 7, 1),
(4562, 88, 1, 4, 1, 7, 1),
(4563, 88, 1, 4, 3, 7, 1),
(4564, 88, 1, 5, 2, 7, 1),
(4565, 88, 1, 6, 5, 7, 1),
(4566, 88, 1, 6, 1, 7, 1),
(4567, 88, 1, 6, 3, 7, 1),
(4568, 88, 1, 7, 2, 7, 1),
(4569, 88, 1, 7, 4, 7, 1),
(4570, 88, 1, 8, 1, 7, 1),
(4571, 88, 1, 8, 3, 7, 1),
(4572, 88, 1, 9, 2, 7, 1),
(4573, 88, 1, 9, 4, 7, 1),
(4574, 88, 1, 10, 1, 7, 1),
(4575, 88, 1, 10, 3, 7, 1),
(4576, 88, 1, 1, 6, 2, 2),
(4577, 88, 1, 2, 5, 2, 2),
(4578, 88, 1, 5, 6, 2, 2),
(4579, 88, 1, 8, 7, 2, 2),
(4580, 88, 1, 10, 7, 2, 2),
(4581, 88, 1, 1, 8, 2, 2),
(4582, 88, 1, 3, 8, 2, 2),
(4583, 88, 1, 5, 8, 2, 2),
(4584, 88, 1, 7, 8, 2, 2),
(4585, 88, 1, 9, 8, 2, 2),
(4586, 88, 1, 2, 9, 2, 2),
(4587, 88, 1, 4, 9, 2, 2),
(4588, 88, 1, 6, 9, 2, 2),
(4589, 88, 1, 8, 9, 2, 2),
(4590, 88, 1, 10, 9, 2, 2),
(4591, 88, 1, 1, 10, 2, 2),
(4592, 88, 1, 3, 10, 2, 2),
(4593, 88, 1, 5, 10, 2, 2),
(4594, 88, 1, 7, 10, 2, 2),
(4595, 88, 1, 9, 10, 2, 2),
(4620, 89, 1, 8, 5, 7, 2),
(4627, 89, 1, 4, 5, 7, 2),
(4628, 89, 1, 6, 9, 7, 2),
(4629, 89, 1, 8, 9, 7, 2),
(4630, 89, 1, 10, 9, 7, 2),
(4631, 89, 1, 1, 8, 7, 2),
(4633, 89, 1, 5, 10, 7, 2),
(4634, 89, 1, 7, 10, 7, 2),
(4635, 89, 1, 9, 10, 7, 2),
(4636, 90, 1, 1, 2, 7, 1),
(4637, 90, 1, 1, 4, 7, 1),
(4638, 90, 1, 2, 1, 7, 1),
(4639, 90, 1, 2, 3, 7, 1),
(4640, 90, 1, 3, 2, 7, 1),
(4641, 90, 1, 3, 4, 7, 1),
(4642, 90, 1, 4, 1, 7, 1),
(4643, 90, 1, 4, 3, 7, 1),
(4644, 90, 1, 5, 2, 7, 1),
(4645, 90, 1, 5, 4, 7, 1),
(4646, 90, 1, 6, 1, 7, 1),
(4647, 90, 1, 6, 3, 7, 1),
(4648, 90, 1, 7, 2, 7, 1),
(4649, 90, 1, 7, 4, 7, 1),
(4650, 90, 1, 8, 1, 7, 1),
(4651, 90, 1, 8, 3, 7, 1),
(4652, 90, 1, 9, 2, 7, 1),
(4653, 90, 1, 9, 4, 7, 1),
(4654, 90, 1, 10, 1, 7, 1),
(4655, 90, 1, 10, 3, 7, 1),
(4656, 90, 1, 2, 7, 2, 2),
(4657, 90, 1, 4, 7, 2, 2),
(4658, 90, 1, 6, 7, 2, 2),
(4659, 90, 1, 8, 7, 2, 2),
(4660, 90, 1, 10, 7, 2, 2),
(4661, 90, 1, 1, 8, 2, 2),
(4662, 90, 1, 3, 8, 2, 2),
(4663, 90, 1, 5, 8, 2, 2),
(4664, 90, 1, 7, 8, 2, 2),
(4665, 90, 1, 9, 8, 2, 2),
(4666, 90, 1, 2, 9, 2, 2),
(4667, 90, 1, 4, 9, 2, 2),
(4668, 90, 1, 6, 9, 2, 2),
(4669, 90, 1, 8, 9, 2, 2),
(4670, 90, 1, 10, 9, 2, 2),
(4671, 90, 1, 1, 10, 2, 2),
(4672, 90, 1, 3, 10, 2, 2),
(4673, 90, 1, 5, 10, 2, 2),
(4674, 90, 1, 7, 10, 2, 2),
(4675, 90, 1, 9, 10, 2, 2),
(4676, 91, 1, 1, 2, 7, 1),
(4677, 91, 1, 1, 4, 7, 1),
(4678, 91, 1, 2, 1, 7, 1),
(4679, 91, 1, 2, 3, 7, 1),
(4680, 91, 1, 3, 2, 7, 1),
(4681, 91, 1, 3, 4, 7, 1),
(4682, 91, 1, 4, 1, 7, 1),
(4683, 91, 1, 4, 3, 7, 1),
(4684, 91, 1, 5, 2, 7, 1),
(4685, 91, 1, 5, 4, 7, 1),
(4686, 91, 1, 6, 1, 7, 1),
(4687, 91, 1, 6, 3, 7, 1),
(4688, 91, 1, 7, 2, 7, 1),
(4689, 91, 1, 7, 4, 7, 1),
(4690, 91, 1, 8, 1, 7, 1),
(4691, 91, 1, 8, 3, 7, 1),
(4692, 91, 1, 9, 2, 7, 1),
(4693, 91, 1, 9, 4, 7, 1),
(4694, 91, 1, 10, 1, 7, 1),
(4695, 91, 1, 10, 3, 7, 1),
(4696, 91, 1, 2, 7, 3, 2),
(4697, 91, 1, 4, 7, 3, 2),
(4698, 91, 1, 6, 7, 3, 2),
(4699, 91, 1, 8, 7, 3, 2),
(4700, 91, 1, 10, 7, 3, 2),
(4701, 91, 1, 1, 8, 3, 2),
(4702, 91, 1, 3, 8, 3, 2),
(4703, 91, 1, 5, 8, 3, 2),
(4704, 91, 1, 7, 8, 3, 2),
(4705, 91, 1, 9, 8, 3, 2),
(4706, 91, 1, 2, 9, 3, 2),
(4707, 91, 1, 4, 9, 3, 2),
(4708, 91, 1, 6, 9, 3, 2),
(4709, 91, 1, 8, 9, 3, 2),
(4710, 91, 1, 10, 9, 3, 2),
(4711, 91, 1, 1, 10, 3, 2),
(4712, 91, 1, 3, 10, 3, 2),
(4713, 91, 1, 5, 10, 3, 2),
(4714, 91, 1, 7, 10, 3, 2),
(4715, 91, 1, 9, 10, 3, 2),
(4716, 92, 1, 1, 2, 7, 1),
(4717, 92, 1, 1, 4, 7, 1),
(4718, 92, 1, 2, 1, 7, 1),
(4719, 92, 1, 2, 3, 7, 1),
(4720, 92, 1, 3, 2, 7, 1),
(4721, 92, 1, 3, 4, 7, 1),
(4722, 92, 1, 4, 1, 7, 1),
(4723, 92, 1, 4, 3, 7, 1),
(4724, 92, 1, 5, 2, 7, 1),
(4725, 92, 1, 5, 4, 7, 1),
(4726, 92, 1, 6, 1, 7, 1),
(4727, 92, 1, 6, 3, 7, 1),
(4728, 92, 1, 7, 2, 7, 1),
(4729, 92, 1, 7, 4, 7, 1),
(4730, 92, 1, 8, 1, 7, 1),
(4731, 92, 1, 8, 3, 7, 1),
(4732, 92, 1, 9, 2, 7, 1),
(4733, 92, 1, 9, 4, 7, 1),
(4734, 92, 1, 10, 1, 7, 1),
(4735, 92, 1, 10, 3, 7, 1),
(4736, 92, 1, 2, 7, 3, 2),
(4737, 92, 1, 4, 7, 3, 2),
(4738, 92, 1, 6, 7, 3, 2),
(4739, 92, 1, 8, 7, 3, 2),
(4740, 92, 1, 10, 7, 3, 2),
(4741, 92, 1, 1, 8, 3, 2),
(4742, 92, 1, 3, 8, 3, 2),
(4743, 92, 1, 5, 8, 3, 2),
(4744, 92, 1, 7, 8, 3, 2),
(4745, 92, 1, 9, 8, 3, 2),
(4746, 92, 1, 2, 9, 3, 2),
(4747, 92, 1, 4, 9, 3, 2),
(4748, 92, 1, 6, 9, 3, 2),
(4749, 92, 1, 8, 9, 3, 2),
(4750, 92, 1, 10, 9, 3, 2),
(4751, 92, 1, 1, 10, 3, 2),
(4752, 92, 1, 3, 10, 3, 2),
(4753, 92, 1, 5, 10, 3, 2),
(4754, 92, 1, 7, 10, 3, 2),
(4755, 92, 1, 9, 10, 3, 2),
(4756, 93, 1, 1, 2, 7, 1),
(4757, 93, 1, 1, 4, 7, 1),
(4758, 93, 1, 2, 1, 7, 1),
(4759, 93, 1, 2, 3, 7, 1),
(4760, 93, 1, 3, 2, 7, 1),
(4761, 93, 1, 3, 4, 7, 1),
(4762, 93, 1, 4, 1, 7, 1),
(4763, 93, 1, 4, 3, 7, 1),
(4764, 93, 1, 5, 2, 7, 1),
(4765, 93, 1, 5, 4, 7, 1),
(4766, 93, 1, 6, 1, 7, 1),
(4767, 93, 1, 6, 3, 7, 1),
(4768, 93, 1, 7, 2, 7, 1),
(4769, 93, 1, 7, 4, 7, 1),
(4770, 93, 1, 8, 1, 7, 1),
(4771, 93, 1, 8, 3, 7, 1),
(4772, 93, 1, 9, 2, 7, 1),
(4773, 93, 1, 9, 4, 7, 1),
(4774, 93, 1, 10, 1, 7, 1),
(4775, 93, 1, 10, 3, 7, 1),
(4776, 93, 1, 2, 7, 2, 2),
(4777, 93, 1, 4, 7, 2, 2),
(4778, 93, 1, 6, 7, 2, 2),
(4779, 93, 1, 8, 7, 2, 2),
(4780, 93, 1, 10, 7, 2, 2),
(4781, 93, 1, 1, 8, 2, 2),
(4782, 93, 1, 3, 8, 2, 2),
(4783, 93, 1, 5, 8, 2, 2),
(4784, 93, 1, 7, 8, 2, 2),
(4785, 93, 1, 9, 8, 2, 2),
(4786, 93, 1, 2, 9, 2, 2),
(4787, 93, 1, 4, 9, 2, 2),
(4788, 93, 1, 6, 9, 2, 2),
(4789, 93, 1, 8, 9, 2, 2),
(4790, 93, 1, 10, 9, 2, 2),
(4791, 93, 1, 1, 10, 2, 2),
(4792, 93, 1, 3, 10, 2, 2),
(4793, 93, 1, 5, 10, 2, 2),
(4794, 93, 1, 7, 10, 2, 2),
(4795, 93, 1, 9, 10, 2, 2),
(4796, 94, 1, 1, 2, 7, 1),
(4797, 94, 1, 1, 4, 7, 1),
(4798, 94, 1, 2, 1, 7, 1),
(4799, 94, 1, 2, 3, 7, 1),
(4800, 94, 1, 3, 2, 7, 1),
(4801, 94, 1, 3, 4, 7, 1),
(4802, 94, 1, 4, 1, 7, 1),
(4803, 94, 1, 4, 3, 7, 1),
(4804, 94, 1, 5, 2, 7, 1),
(4805, 94, 1, 5, 4, 7, 1),
(4806, 94, 1, 6, 1, 7, 1),
(4807, 94, 1, 6, 3, 7, 1),
(4808, 94, 1, 7, 2, 7, 1),
(4809, 94, 1, 7, 4, 7, 1),
(4810, 94, 1, 8, 1, 7, 1),
(4811, 94, 1, 8, 3, 7, 1),
(4812, 94, 1, 9, 2, 7, 1),
(4813, 94, 1, 9, 4, 7, 1),
(4814, 94, 1, 10, 1, 7, 1),
(4815, 94, 1, 10, 3, 7, 1),
(4816, 94, 1, 2, 7, 4, 2),
(4817, 94, 1, 4, 7, 4, 2),
(4818, 94, 1, 6, 7, 4, 2),
(4819, 94, 1, 8, 7, 4, 2),
(4820, 94, 1, 10, 7, 4, 2),
(4821, 94, 1, 1, 8, 4, 2),
(4822, 94, 1, 3, 8, 4, 2),
(4823, 94, 1, 5, 8, 4, 2),
(4824, 94, 1, 7, 8, 4, 2),
(4825, 94, 1, 9, 8, 4, 2),
(4826, 94, 1, 2, 9, 4, 2),
(4827, 94, 1, 4, 9, 4, 2),
(4828, 94, 1, 6, 9, 4, 2),
(4829, 94, 1, 8, 9, 4, 2),
(4830, 94, 1, 10, 9, 4, 2),
(4831, 94, 1, 1, 10, 4, 2),
(4832, 94, 1, 3, 10, 4, 2),
(4833, 94, 1, 5, 10, 4, 2),
(4834, 94, 1, 7, 10, 4, 2),
(4835, 94, 1, 9, 10, 4, 2),
(4836, 95, 1, 1, 2, 7, 1),
(4837, 95, 1, 1, 4, 7, 1),
(4838, 95, 1, 2, 1, 7, 1),
(4839, 95, 1, 2, 3, 7, 1),
(4840, 95, 1, 3, 2, 7, 1),
(4841, 95, 1, 3, 4, 7, 1),
(4842, 95, 1, 4, 1, 7, 1),
(4843, 95, 1, 4, 3, 7, 1),
(4844, 95, 1, 5, 2, 7, 1),
(4845, 95, 1, 5, 4, 7, 1),
(4846, 95, 1, 6, 1, 7, 1),
(4847, 95, 1, 6, 3, 7, 1),
(4848, 95, 1, 7, 2, 7, 1),
(4849, 95, 1, 7, 4, 7, 1),
(4850, 95, 1, 8, 1, 7, 1),
(4851, 95, 1, 8, 3, 7, 1),
(4852, 95, 1, 9, 2, 7, 1),
(4853, 95, 1, 9, 4, 7, 1),
(4854, 95, 1, 10, 1, 7, 1),
(4855, 95, 1, 10, 3, 7, 1),
(4856, 95, 1, 2, 7, 2, 2),
(4857, 95, 1, 4, 7, 2, 2),
(4858, 95, 1, 6, 7, 2, 2),
(4859, 95, 1, 8, 7, 2, 2),
(4860, 95, 1, 10, 7, 2, 2),
(4861, 95, 1, 1, 8, 2, 2),
(4862, 95, 1, 3, 8, 2, 2),
(4863, 95, 1, 5, 8, 2, 2),
(4864, 95, 1, 7, 8, 2, 2),
(4865, 95, 1, 9, 8, 2, 2),
(4866, 95, 1, 2, 9, 2, 2),
(4867, 95, 1, 4, 9, 2, 2),
(4868, 95, 1, 6, 9, 2, 2),
(4869, 95, 1, 8, 9, 2, 2),
(4870, 95, 1, 10, 9, 2, 2),
(4871, 95, 1, 1, 10, 2, 2),
(4872, 95, 1, 3, 10, 2, 2),
(4873, 95, 1, 5, 10, 2, 2),
(4874, 95, 1, 7, 10, 2, 2),
(4875, 95, 1, 9, 10, 2, 2),
(4876, 96, 1, 1, 2, 7, 1),
(4877, 96, 1, 1, 4, 7, 1),
(4878, 96, 1, 2, 1, 7, 1),
(4879, 96, 1, 2, 3, 7, 1),
(4880, 96, 1, 3, 2, 7, 1),
(4881, 96, 1, 3, 4, 7, 1),
(4882, 96, 1, 4, 1, 7, 1),
(4883, 96, 1, 4, 3, 7, 1),
(4884, 96, 1, 5, 2, 7, 1),
(4885, 96, 1, 5, 4, 7, 1),
(4886, 96, 1, 6, 1, 7, 1),
(4887, 96, 1, 6, 3, 7, 1),
(4888, 96, 1, 7, 2, 7, 1),
(4889, 96, 1, 7, 4, 7, 1),
(4890, 96, 1, 8, 1, 7, 1),
(4891, 96, 1, 8, 3, 7, 1),
(4892, 96, 1, 9, 2, 7, 1),
(4893, 96, 1, 9, 4, 7, 1),
(4894, 96, 1, 10, 1, 7, 1),
(4895, 96, 1, 10, 3, 7, 1),
(4896, 96, 1, 2, 7, 2, 2),
(4897, 96, 1, 4, 7, 2, 2),
(4898, 96, 1, 6, 7, 2, 2),
(4899, 96, 1, 8, 7, 2, 2),
(4900, 96, 1, 10, 7, 2, 2),
(4901, 96, 1, 1, 8, 2, 2),
(4902, 96, 1, 3, 8, 2, 2),
(4903, 96, 1, 5, 8, 2, 2),
(4904, 96, 1, 7, 8, 2, 2),
(4905, 96, 1, 9, 8, 2, 2),
(4906, 96, 1, 2, 9, 2, 2),
(4907, 96, 1, 4, 9, 2, 2),
(4908, 96, 1, 6, 9, 2, 2),
(4909, 96, 1, 8, 9, 2, 2),
(4910, 96, 1, 10, 9, 2, 2),
(4911, 96, 1, 1, 10, 2, 2),
(4912, 96, 1, 3, 10, 2, 2),
(4913, 96, 1, 5, 10, 2, 2),
(4914, 96, 1, 7, 10, 2, 2),
(4915, 96, 1, 9, 10, 2, 2),
(4916, 97, 1, 1, 2, 7, 1),
(4917, 97, 1, 2, 5, 7, 1),
(4918, 97, 1, 2, 1, 7, 1),
(4919, 97, 1, 2, 3, 7, 1),
(4920, 97, 1, 3, 2, 7, 1),
(4921, 97, 1, 3, 4, 7, 1),
(4922, 97, 1, 4, 1, 7, 1),
(4923, 97, 1, 4, 3, 7, 1),
(4924, 97, 1, 5, 2, 7, 1),
(4925, 97, 1, 5, 4, 7, 1),
(4926, 97, 1, 6, 1, 7, 1),
(4927, 97, 1, 6, 3, 7, 1),
(4928, 97, 1, 7, 2, 7, 1),
(4929, 97, 1, 7, 4, 7, 1),
(4930, 97, 1, 8, 1, 7, 1),
(4931, 97, 1, 8, 3, 7, 1),
(4932, 97, 1, 9, 2, 7, 1),
(4933, 97, 1, 9, 4, 7, 1),
(4934, 97, 1, 10, 1, 7, 1),
(4935, 97, 1, 10, 3, 7, 1),
(4936, 97, 1, 2, 7, 3, 2),
(4937, 97, 1, 4, 7, 3, 2),
(4938, 97, 1, 6, 7, 3, 2),
(4939, 97, 1, 8, 7, 3, 2),
(4940, 97, 1, 10, 7, 3, 2),
(4941, 97, 1, 1, 8, 3, 2),
(4942, 97, 1, 3, 8, 3, 2),
(4943, 97, 1, 5, 8, 3, 2),
(4944, 97, 1, 7, 8, 3, 2),
(4945, 97, 1, 9, 8, 3, 2),
(4946, 97, 1, 2, 9, 3, 2),
(4947, 97, 1, 4, 9, 3, 2),
(4948, 97, 1, 6, 9, 3, 2),
(4949, 97, 1, 8, 9, 3, 2),
(4950, 97, 1, 10, 9, 3, 2),
(4951, 97, 1, 1, 10, 3, 2),
(4952, 97, 1, 3, 10, 3, 2),
(4953, 97, 1, 5, 10, 3, 2),
(4954, 97, 1, 7, 10, 3, 2),
(4955, 97, 1, 9, 10, 3, 2),
(4956, 98, 1, 1, 2, 3, 1),
(4957, 98, 1, 1, 4, 3, 1),
(4958, 98, 1, 2, 1, 3, 1),
(4959, 98, 1, 2, 3, 3, 1),
(4960, 98, 1, 3, 2, 3, 1),
(4961, 98, 1, 3, 4, 3, 1),
(4962, 98, 1, 4, 1, 3, 1),
(4963, 98, 1, 4, 3, 3, 1),
(4964, 98, 1, 5, 2, 3, 1),
(4965, 98, 1, 5, 4, 3, 1),
(4966, 98, 1, 6, 1, 3, 1),
(4967, 98, 1, 6, 3, 3, 1),
(4968, 98, 1, 7, 2, 3, 1),
(4969, 98, 1, 7, 4, 3, 1),
(4970, 98, 1, 8, 1, 3, 1),
(4971, 98, 1, 8, 3, 3, 1),
(4972, 98, 1, 9, 2, 3, 1),
(4973, 98, 1, 9, 4, 3, 1),
(4974, 98, 1, 10, 1, 3, 1),
(4975, 98, 1, 10, 3, 3, 1),
(4976, 98, 1, 2, 7, 7, 2),
(4977, 98, 1, 4, 7, 7, 2),
(4978, 98, 1, 6, 7, 7, 2),
(4979, 98, 1, 8, 7, 7, 2),
(4980, 98, 1, 10, 7, 7, 2),
(4981, 98, 1, 1, 8, 7, 2),
(4982, 98, 1, 3, 8, 7, 2),
(4983, 98, 1, 5, 8, 7, 2),
(4984, 98, 1, 7, 8, 7, 2),
(4985, 98, 1, 9, 8, 7, 2),
(4986, 98, 1, 2, 9, 7, 2),
(4987, 98, 1, 4, 9, 7, 2),
(4988, 98, 1, 6, 9, 7, 2),
(4989, 98, 1, 8, 9, 7, 2),
(4990, 98, 1, 10, 9, 7, 2),
(4991, 98, 1, 1, 10, 7, 2),
(4992, 98, 1, 3, 10, 7, 2),
(4993, 98, 1, 5, 10, 7, 2),
(4994, 98, 1, 7, 10, 7, 2),
(4995, 98, 1, 9, 10, 7, 2),
(4996, 99, 1, 1, 2, 7, 1),
(4997, 99, 1, 1, 4, 7, 1),
(4998, 99, 1, 2, 1, 7, 1),
(4999, 99, 1, 2, 3, 7, 1),
(5000, 99, 1, 3, 2, 7, 1),
(5001, 99, 1, 3, 4, 7, 1),
(5002, 99, 1, 4, 1, 7, 1),
(5003, 99, 1, 4, 3, 7, 1),
(5004, 99, 1, 5, 2, 7, 1),
(5005, 99, 1, 5, 4, 7, 1),
(5006, 99, 1, 6, 1, 7, 1),
(5007, 99, 1, 6, 3, 7, 1),
(5008, 99, 1, 7, 2, 7, 1),
(5009, 99, 1, 7, 4, 7, 1),
(5010, 99, 1, 8, 1, 7, 1),
(5011, 99, 1, 8, 3, 7, 1),
(5012, 99, 1, 9, 2, 7, 1),
(5013, 99, 1, 9, 4, 7, 1),
(5014, 99, 1, 10, 1, 7, 1),
(5015, 99, 1, 10, 3, 7, 1),
(5016, 99, 1, 2, 7, 3, 2),
(5017, 99, 1, 4, 7, 3, 2),
(5018, 99, 1, 6, 7, 3, 2),
(5019, 99, 1, 8, 7, 3, 2),
(5020, 99, 1, 10, 7, 3, 2),
(5021, 99, 1, 1, 8, 3, 2),
(5022, 99, 1, 3, 8, 3, 2),
(5023, 99, 1, 5, 8, 3, 2),
(5024, 99, 1, 7, 8, 3, 2),
(5025, 99, 1, 9, 8, 3, 2),
(5026, 99, 1, 2, 9, 3, 2),
(5027, 99, 1, 4, 9, 3, 2),
(5028, 99, 1, 6, 9, 3, 2),
(5029, 99, 1, 8, 9, 3, 2),
(5030, 99, 1, 10, 9, 3, 2),
(5031, 99, 1, 1, 10, 3, 2),
(5032, 99, 1, 3, 10, 3, 2),
(5033, 99, 1, 5, 10, 3, 2),
(5034, 99, 1, 7, 10, 3, 2),
(5035, 99, 1, 9, 10, 3, 2),
(5036, 100, 1, 1, 2, 7, 1),
(5037, 100, 1, 1, 4, 7, 1),
(5038, 100, 1, 2, 1, 7, 1),
(5039, 100, 1, 2, 3, 7, 1),
(5040, 100, 1, 3, 2, 7, 1),
(5041, 100, 1, 3, 4, 7, 1),
(5042, 100, 1, 4, 1, 7, 1),
(5043, 100, 1, 4, 3, 7, 1),
(5044, 100, 1, 5, 2, 7, 1),
(5045, 100, 1, 5, 4, 7, 1),
(5046, 100, 1, 6, 1, 7, 1),
(5047, 100, 1, 6, 3, 7, 1),
(5048, 100, 1, 7, 2, 7, 1),
(5049, 100, 1, 7, 4, 7, 1),
(5050, 100, 1, 8, 1, 7, 1),
(5051, 100, 1, 8, 3, 7, 1),
(5052, 100, 1, 9, 2, 7, 1),
(5053, 100, 1, 9, 4, 7, 1),
(5054, 100, 1, 10, 1, 7, 1),
(5055, 100, 1, 10, 3, 7, 1),
(5056, 100, 1, 2, 7, 3, 2),
(5057, 100, 1, 4, 7, 3, 2),
(5058, 100, 1, 6, 7, 3, 2),
(5059, 100, 1, 8, 7, 3, 2),
(5060, 100, 1, 10, 7, 3, 2),
(5061, 100, 1, 1, 8, 3, 2),
(5062, 100, 1, 3, 8, 3, 2),
(5063, 100, 1, 5, 8, 3, 2),
(5064, 100, 1, 7, 8, 3, 2),
(5065, 100, 1, 9, 8, 3, 2),
(5066, 100, 1, 2, 9, 3, 2),
(5067, 100, 1, 4, 9, 3, 2),
(5068, 100, 1, 6, 9, 3, 2),
(5069, 100, 1, 8, 9, 3, 2),
(5070, 100, 1, 10, 9, 3, 2),
(5071, 100, 1, 1, 10, 3, 2),
(5072, 100, 1, 3, 10, 3, 2),
(5073, 100, 1, 5, 10, 3, 2),
(5074, 100, 1, 7, 10, 3, 2),
(5075, 100, 1, 9, 10, 3, 2),
(5076, 101, 1, 1, 2, 7, 1),
(5077, 101, 1, 1, 4, 7, 1),
(5078, 101, 1, 2, 1, 7, 1),
(5079, 101, 1, 2, 3, 7, 1),
(5080, 101, 1, 3, 2, 7, 1),
(5081, 101, 1, 3, 4, 7, 1),
(5082, 101, 1, 4, 1, 7, 1),
(5083, 101, 1, 4, 3, 7, 1),
(5084, 101, 1, 5, 2, 7, 1),
(5085, 101, 1, 5, 4, 7, 1),
(5086, 101, 1, 6, 1, 7, 1),
(5087, 101, 1, 6, 3, 7, 1),
(5088, 101, 1, 7, 2, 7, 1),
(5089, 101, 1, 7, 4, 7, 1),
(5090, 101, 1, 8, 1, 7, 1),
(5091, 101, 1, 8, 3, 7, 1),
(5092, 101, 1, 9, 2, 7, 1),
(5093, 101, 1, 9, 4, 7, 1),
(5094, 101, 1, 10, 1, 7, 1),
(5095, 101, 1, 10, 3, 7, 1),
(5096, 101, 1, 2, 7, 3, 2),
(5097, 101, 1, 4, 7, 3, 2),
(5098, 101, 1, 6, 7, 3, 2),
(5099, 101, 1, 8, 7, 3, 2),
(5100, 101, 1, 10, 7, 3, 2),
(5101, 101, 1, 1, 8, 3, 2),
(5102, 101, 1, 3, 8, 3, 2),
(5103, 101, 1, 5, 8, 3, 2),
(5104, 101, 1, 7, 8, 3, 2),
(5105, 101, 1, 9, 8, 3, 2),
(5106, 101, 1, 2, 9, 3, 2),
(5107, 101, 1, 4, 9, 3, 2),
(5108, 101, 1, 6, 9, 3, 2),
(5109, 101, 1, 8, 9, 3, 2),
(5110, 101, 1, 10, 9, 3, 2),
(5111, 101, 1, 1, 10, 3, 2),
(5112, 101, 1, 3, 10, 3, 2),
(5113, 101, 1, 5, 10, 3, 2),
(5114, 101, 1, 7, 10, 3, 2),
(5115, 101, 1, 9, 10, 3, 2),
(5116, 102, 1, 1, 2, 7, 1),
(5117, 102, 1, 1, 4, 7, 1),
(5118, 102, 1, 2, 1, 7, 1),
(5119, 102, 1, 2, 3, 7, 1),
(5120, 102, 1, 3, 2, 7, 1),
(5121, 102, 1, 3, 4, 7, 1),
(5122, 102, 1, 4, 1, 7, 1),
(5123, 102, 1, 4, 3, 7, 1),
(5124, 102, 1, 5, 2, 7, 1),
(5125, 102, 1, 5, 4, 7, 1),
(5126, 102, 1, 6, 1, 7, 1),
(5127, 102, 1, 6, 3, 7, 1),
(5128, 102, 1, 7, 2, 7, 1),
(5129, 102, 1, 7, 4, 7, 1),
(5130, 102, 1, 8, 1, 7, 1),
(5131, 102, 1, 8, 3, 7, 1),
(5132, 102, 1, 9, 2, 7, 1),
(5133, 102, 1, 9, 4, 7, 1),
(5134, 102, 1, 10, 1, 7, 1),
(5135, 102, 1, 10, 3, 7, 1),
(5136, 102, 1, 2, 7, 4, 2),
(5137, 102, 1, 4, 7, 4, 2),
(5138, 102, 1, 6, 7, 4, 2),
(5139, 102, 1, 8, 7, 4, 2),
(5140, 102, 1, 10, 7, 4, 2),
(5141, 102, 1, 1, 8, 4, 2),
(5142, 102, 1, 3, 8, 4, 2),
(5143, 102, 1, 5, 8, 4, 2),
(5144, 102, 1, 7, 8, 4, 2),
(5145, 102, 1, 9, 8, 4, 2),
(5146, 102, 1, 2, 9, 4, 2),
(5147, 102, 1, 4, 9, 4, 2),
(5148, 102, 1, 6, 9, 4, 2),
(5149, 102, 1, 8, 9, 4, 2),
(5150, 102, 1, 10, 9, 4, 2),
(5151, 102, 1, 1, 10, 4, 2),
(5152, 102, 1, 3, 10, 4, 2),
(5153, 102, 1, 5, 10, 4, 2),
(5154, 102, 1, 7, 10, 4, 2),
(5155, 102, 1, 9, 10, 4, 2),
(5156, 103, 1, 1, 2, 7, 1),
(5157, 103, 1, 2, 5, 7, 1),
(5158, 103, 1, 2, 1, 7, 1),
(5159, 103, 1, 2, 3, 7, 1),
(5160, 103, 1, 3, 2, 7, 1),
(5161, 103, 1, 3, 4, 7, 1),
(5162, 103, 1, 4, 1, 7, 1),
(5163, 103, 1, 4, 3, 7, 1),
(5164, 103, 1, 5, 2, 7, 1),
(5165, 103, 1, 5, 4, 7, 1),
(5166, 103, 1, 6, 1, 7, 1),
(5167, 103, 1, 6, 3, 7, 1),
(5168, 103, 1, 7, 2, 7, 1),
(5169, 103, 1, 7, 4, 7, 1),
(5170, 103, 1, 8, 1, 7, 1),
(5171, 103, 1, 8, 3, 7, 1),
(5172, 103, 1, 9, 2, 7, 1),
(5173, 103, 1, 9, 4, 7, 1),
(5174, 103, 1, 10, 1, 7, 1),
(5175, 103, 1, 10, 3, 7, 1),
(5176, 103, 1, 2, 7, 3, 2),
(5177, 103, 1, 4, 7, 3, 2),
(5178, 103, 1, 6, 7, 3, 2),
(5179, 103, 1, 8, 7, 3, 2),
(5180, 103, 1, 10, 7, 3, 2),
(5181, 103, 1, 1, 8, 3, 2),
(5182, 103, 1, 3, 8, 3, 2),
(5183, 103, 1, 5, 8, 3, 2),
(5184, 103, 1, 7, 8, 3, 2),
(5185, 103, 1, 9, 8, 3, 2),
(5186, 103, 1, 2, 9, 3, 2),
(5187, 103, 1, 4, 9, 3, 2),
(5188, 103, 1, 6, 9, 3, 2),
(5189, 103, 1, 8, 9, 3, 2),
(5190, 103, 1, 10, 9, 3, 2),
(5191, 103, 1, 1, 10, 3, 2),
(5192, 103, 1, 3, 10, 3, 2),
(5193, 103, 1, 5, 10, 3, 2),
(5194, 103, 1, 7, 10, 3, 2),
(5195, 103, 1, 9, 10, 3, 2),
(5196, 104, 1, 1, 2, 7, 1),
(5197, 104, 1, 1, 4, 7, 1),
(5198, 104, 1, 2, 1, 7, 1),
(5199, 104, 1, 2, 3, 7, 1),
(5200, 104, 1, 3, 2, 7, 1),
(5201, 104, 1, 3, 4, 7, 1),
(5202, 104, 1, 4, 1, 7, 1),
(5203, 104, 1, 4, 3, 7, 1),
(5204, 104, 1, 5, 2, 7, 1),
(5205, 104, 1, 5, 4, 7, 1),
(5206, 104, 1, 6, 1, 7, 1),
(5207, 104, 1, 6, 3, 7, 1),
(5208, 104, 1, 7, 2, 7, 1),
(5209, 104, 1, 7, 4, 7, 1),
(5210, 104, 1, 8, 1, 7, 1),
(5211, 104, 1, 8, 3, 7, 1),
(5212, 104, 1, 9, 2, 7, 1),
(5213, 104, 1, 9, 4, 7, 1),
(5214, 104, 1, 10, 1, 7, 1),
(5215, 104, 1, 10, 3, 7, 1),
(5216, 104, 1, 2, 7, 3, 2),
(5217, 104, 1, 4, 7, 3, 2),
(5218, 104, 1, 6, 7, 3, 2),
(5219, 104, 1, 8, 7, 3, 2),
(5220, 104, 1, 10, 7, 3, 2),
(5221, 104, 1, 1, 8, 3, 2),
(5222, 104, 1, 3, 8, 3, 2),
(5223, 104, 1, 5, 8, 3, 2),
(5224, 104, 1, 7, 8, 3, 2),
(5225, 104, 1, 9, 8, 3, 2),
(5226, 104, 1, 2, 9, 3, 2),
(5227, 104, 1, 4, 9, 3, 2),
(5228, 104, 1, 6, 9, 3, 2),
(5229, 104, 1, 8, 9, 3, 2),
(5230, 104, 1, 10, 9, 3, 2),
(5231, 104, 1, 1, 10, 3, 2),
(5232, 104, 1, 3, 10, 3, 2),
(5233, 104, 1, 5, 10, 3, 2),
(5234, 104, 1, 7, 10, 3, 2),
(5235, 104, 1, 9, 10, 3, 2),
(5236, 105, 1, 1, 2, 3, 1),
(5237, 105, 1, 1, 4, 3, 1),
(5238, 105, 1, 2, 1, 3, 1),
(5239, 105, 1, 2, 3, 3, 1),
(5240, 105, 1, 3, 2, 3, 1),
(5241, 105, 1, 3, 4, 3, 1),
(5242, 105, 1, 4, 1, 3, 1),
(5243, 105, 1, 4, 3, 3, 1),
(5244, 105, 1, 5, 2, 3, 1),
(5245, 105, 1, 5, 4, 3, 1),
(5246, 105, 1, 6, 1, 3, 1),
(5247, 105, 1, 6, 3, 3, 1),
(5248, 105, 1, 7, 2, 3, 1),
(5249, 105, 1, 7, 4, 3, 1),
(5250, 105, 1, 8, 1, 3, 1),
(5251, 105, 1, 8, 3, 3, 1),
(5252, 105, 1, 9, 2, 3, 1),
(5253, 105, 1, 9, 4, 3, 1),
(5254, 105, 1, 10, 1, 3, 1),
(5255, 105, 1, 10, 3, 3, 1),
(5256, 105, 1, 2, 7, 7, 2),
(5257, 105, 1, 4, 7, 7, 2),
(5258, 105, 1, 6, 7, 7, 2),
(5259, 105, 1, 8, 7, 7, 2),
(5260, 105, 1, 10, 7, 7, 2),
(5261, 105, 1, 1, 8, 7, 2),
(5262, 105, 1, 3, 8, 7, 2),
(5263, 105, 1, 5, 8, 7, 2),
(5264, 105, 1, 7, 8, 7, 2),
(5265, 105, 1, 9, 8, 7, 2),
(5266, 105, 1, 2, 9, 7, 2),
(5267, 105, 1, 4, 9, 7, 2),
(5268, 105, 1, 6, 9, 7, 2),
(5269, 105, 1, 8, 9, 7, 2),
(5270, 105, 1, 10, 9, 7, 2),
(5271, 105, 1, 1, 10, 7, 2),
(5272, 105, 1, 3, 10, 7, 2),
(5273, 105, 1, 5, 10, 7, 2),
(5274, 105, 1, 7, 10, 7, 2),
(5275, 105, 1, 9, 10, 7, 2),
(5276, 106, 1, 1, 2, 7, 1),
(5277, 106, 1, 1, 4, 7, 1),
(5278, 106, 1, 2, 1, 7, 1),
(5279, 106, 1, 2, 3, 7, 1),
(5280, 106, 1, 3, 2, 7, 1),
(5281, 106, 1, 3, 4, 7, 1),
(5282, 106, 1, 4, 1, 7, 1),
(5283, 106, 1, 4, 3, 7, 1),
(5284, 106, 1, 5, 2, 7, 1),
(5285, 106, 1, 5, 4, 7, 1),
(5286, 106, 1, 6, 1, 7, 1),
(5287, 106, 1, 6, 3, 7, 1),
(5288, 106, 1, 7, 2, 7, 1),
(5289, 106, 1, 7, 4, 7, 1),
(5290, 106, 1, 8, 1, 7, 1),
(5291, 106, 1, 8, 3, 7, 1),
(5292, 106, 1, 9, 2, 7, 1),
(5293, 106, 1, 9, 4, 7, 1),
(5294, 106, 1, 10, 1, 7, 1),
(5295, 106, 1, 10, 3, 7, 1),
(5296, 106, 1, 2, 7, 1, 2),
(5297, 106, 1, 4, 7, 1, 2),
(5298, 106, 1, 6, 7, 1, 2),
(5299, 106, 1, 8, 7, 1, 2),
(5300, 106, 1, 10, 7, 1, 2),
(5301, 106, 1, 1, 8, 1, 2),
(5302, 106, 1, 3, 8, 1, 2),
(5303, 106, 1, 5, 8, 1, 2),
(5304, 106, 1, 7, 8, 1, 2),
(5305, 106, 1, 9, 8, 1, 2),
(5306, 106, 1, 2, 9, 1, 2),
(5307, 106, 1, 4, 9, 1, 2),
(5308, 106, 1, 6, 9, 1, 2),
(5309, 106, 1, 8, 9, 1, 2),
(5310, 106, 1, 10, 9, 1, 2),
(5311, 106, 1, 1, 10, 1, 2),
(5312, 106, 1, 3, 10, 1, 2),
(5313, 106, 1, 5, 10, 1, 2),
(5314, 106, 1, 7, 10, 1, 2),
(5315, 106, 1, 9, 10, 1, 2),
(5316, 107, 1, 1, 2, 7, 1),
(5317, 107, 1, 2, 5, 7, 1),
(5318, 107, 1, 2, 1, 7, 1),
(5319, 107, 1, 2, 3, 7, 1),
(5320, 107, 1, 3, 2, 7, 1),
(5321, 107, 1, 3, 4, 7, 1),
(5322, 107, 1, 4, 1, 7, 1),
(5323, 107, 1, 4, 3, 7, 1),
(5324, 107, 1, 5, 2, 7, 1),
(5325, 107, 1, 5, 4, 7, 1),
(5326, 107, 1, 6, 1, 7, 1),
(5327, 107, 1, 6, 3, 7, 1),
(5328, 107, 1, 7, 2, 7, 1),
(5329, 107, 1, 7, 4, 7, 1),
(5330, 107, 1, 8, 1, 7, 1);
INSERT INTO `pion` (`id_pion`, `id_partie`, `type_pion`, `pos_x`, `pos_y`, `id_joueur`, `couleur_pion`) VALUES
(5331, 107, 1, 8, 3, 7, 1),
(5332, 107, 1, 9, 2, 7, 1),
(5333, 107, 1, 9, 4, 7, 1),
(5334, 107, 1, 10, 1, 7, 1),
(5335, 107, 1, 10, 3, 7, 1),
(5336, 107, 1, 2, 7, 3, 2),
(5337, 107, 1, 4, 7, 3, 2),
(5338, 107, 1, 6, 7, 3, 2),
(5339, 107, 1, 8, 7, 3, 2),
(5340, 107, 1, 10, 7, 3, 2),
(5341, 107, 1, 1, 8, 3, 2),
(5342, 107, 1, 3, 8, 3, 2),
(5343, 107, 1, 5, 8, 3, 2),
(5344, 107, 1, 7, 8, 3, 2),
(5345, 107, 1, 9, 8, 3, 2),
(5346, 107, 1, 2, 9, 3, 2),
(5347, 107, 1, 4, 9, 3, 2),
(5348, 107, 1, 6, 9, 3, 2),
(5349, 107, 1, 8, 9, 3, 2),
(5350, 107, 1, 10, 9, 3, 2),
(5351, 107, 1, 1, 10, 3, 2),
(5352, 107, 1, 3, 10, 3, 2),
(5353, 107, 1, 5, 10, 3, 2),
(5354, 107, 1, 7, 10, 3, 2),
(5355, 107, 1, 9, 10, 3, 2),
(5356, 108, 1, 1, 2, 7, 1),
(5358, 108, 1, 2, 1, 7, 1),
(5359, 108, 1, 2, 3, 7, 1),
(5360, 108, 1, 3, 2, 7, 1),
(5361, 108, 1, 5, 6, 7, 1),
(5362, 108, 1, 4, 1, 7, 1),
(5363, 108, 1, 4, 3, 7, 1),
(5364, 108, 1, 5, 2, 7, 1),
(5365, 108, 1, 5, 4, 7, 1),
(5366, 108, 1, 6, 1, 7, 1),
(5367, 108, 1, 6, 3, 7, 1),
(5368, 108, 1, 7, 2, 7, 1),
(5369, 108, 1, 7, 4, 7, 1),
(5370, 108, 1, 8, 1, 7, 1),
(5371, 108, 1, 8, 3, 7, 1),
(5372, 108, 1, 9, 2, 7, 1),
(5373, 108, 1, 9, 4, 7, 1),
(5374, 108, 1, 10, 1, 7, 1),
(5375, 108, 1, 10, 3, 7, 1),
(5376, 108, 1, 1, 6, 8, 2),
(5377, 108, 1, 2, 5, 8, 2),
(5378, 108, 1, 6, 7, 8, 2),
(5379, 108, 1, 8, 7, 8, 2),
(5380, 108, 1, 10, 7, 8, 2),
(5381, 108, 1, 1, 8, 8, 2),
(5382, 108, 1, 4, 7, 8, 2),
(5383, 108, 1, 5, 8, 8, 2),
(5384, 108, 1, 7, 8, 8, 2),
(5385, 108, 1, 9, 8, 8, 2),
(5386, 108, 1, 2, 9, 8, 2),
(5387, 108, 1, 4, 9, 8, 2),
(5388, 108, 1, 6, 9, 8, 2),
(5389, 108, 1, 8, 9, 8, 2),
(5390, 108, 1, 10, 9, 8, 2),
(5391, 108, 1, 1, 10, 8, 2),
(5392, 108, 1, 3, 10, 8, 2),
(5393, 108, 1, 5, 10, 8, 2),
(5394, 108, 1, 7, 10, 8, 2),
(5395, 108, 1, 9, 10, 8, 2),
(5396, 109, 1, 1, 2, 2, 1),
(5397, 109, 1, 1, 4, 2, 1),
(5398, 109, 1, 2, 1, 2, 1),
(5399, 109, 1, 2, 3, 2, 1),
(5400, 109, 1, 3, 2, 2, 1),
(5401, 109, 1, 3, 4, 2, 1),
(5402, 109, 1, 4, 1, 2, 1),
(5403, 109, 1, 4, 3, 2, 1),
(5404, 109, 1, 5, 2, 2, 1),
(5405, 109, 1, 5, 4, 2, 1),
(5406, 109, 1, 6, 1, 2, 1),
(5407, 109, 1, 6, 3, 2, 1),
(5408, 109, 1, 7, 2, 2, 1),
(5409, 109, 1, 7, 4, 2, 1),
(5410, 109, 1, 8, 1, 2, 1),
(5411, 109, 1, 8, 3, 2, 1),
(5412, 109, 1, 9, 2, 2, 1),
(5413, 109, 1, 9, 4, 2, 1),
(5414, 109, 1, 10, 1, 2, 1),
(5415, 109, 1, 10, 3, 2, 1),
(5416, 109, 1, 2, 7, 7, 2),
(5417, 109, 1, 4, 7, 7, 2),
(5418, 109, 1, 6, 7, 7, 2),
(5419, 109, 1, 8, 7, 7, 2),
(5420, 109, 1, 10, 7, 7, 2),
(5421, 109, 1, 1, 8, 7, 2),
(5422, 109, 1, 3, 8, 7, 2),
(5423, 109, 1, 5, 8, 7, 2),
(5424, 109, 1, 7, 8, 7, 2),
(5425, 109, 1, 9, 8, 7, 2),
(5426, 109, 1, 2, 9, 7, 2),
(5427, 109, 1, 4, 9, 7, 2),
(5428, 109, 1, 6, 9, 7, 2),
(5429, 109, 1, 8, 9, 7, 2),
(5430, 109, 1, 10, 9, 7, 2),
(5431, 109, 1, 1, 10, 7, 2),
(5432, 109, 1, 3, 10, 7, 2),
(5433, 109, 1, 5, 10, 7, 2),
(5434, 109, 1, 7, 10, 7, 2),
(5435, 109, 1, 9, 10, 7, 2);

--
-- Index pour les tables déchargées
--

--
-- Index pour la table `joueur`
--
ALTER TABLE `joueur`
  ADD PRIMARY KEY (`id_joueur`),
  ADD UNIQUE KEY `email` (`email`),
  ADD UNIQUE KEY `pseudo` (`pseudo`);

--
-- Index pour la table `partie`
--
ALTER TABLE `partie`
  ADD PRIMARY KEY (`id_partie`),
  ADD KEY `id_joueur1` (`id_joueur1`),
  ADD KEY `id_joueur2` (`id_joueur2`);

--
-- Index pour la table `pion`
--
ALTER TABLE `pion`
  ADD PRIMARY KEY (`id_pion`,`id_partie`) USING BTREE,
  ADD KEY `id_joueur` (`id_joueur`),
  ADD KEY `id_partie` (`id_partie`);

--
-- AUTO_INCREMENT pour les tables déchargées
--

--
-- AUTO_INCREMENT pour la table `joueur`
--
ALTER TABLE `joueur`
  MODIFY `id_joueur` int(11) NOT NULL AUTO_INCREMENT, AUTO_INCREMENT=12;

--
-- AUTO_INCREMENT pour la table `partie`
--
ALTER TABLE `partie`
  MODIFY `id_partie` int(11) NOT NULL AUTO_INCREMENT, AUTO_INCREMENT=110;

--
-- AUTO_INCREMENT pour la table `pion`
--
ALTER TABLE `pion`
  MODIFY `id_pion` int(11) NOT NULL AUTO_INCREMENT, AUTO_INCREMENT=5436;

--
-- Contraintes pour les tables déchargées
--

--
-- Contraintes pour la table `partie`
--
ALTER TABLE `partie`
  ADD CONSTRAINT `partie_ibfk_1` FOREIGN KEY (`id_joueur1`) REFERENCES `joueur` (`id_joueur`),
  ADD CONSTRAINT `partie_ibfk_2` FOREIGN KEY (`id_joueur2`) REFERENCES `joueur` (`id_joueur`);

--
-- Contraintes pour la table `pion`
--
ALTER TABLE `pion`
  ADD CONSTRAINT `pion_ibfk_1` FOREIGN KEY (`id_joueur`) REFERENCES `joueur` (`id_joueur`),
  ADD CONSTRAINT `pion_ibfk_2` FOREIGN KEY (`id_partie`) REFERENCES `partie` (`id_partie`);
COMMIT;

/*!40101 SET CHARACTER_SET_CLIENT=@OLD_CHARACTER_SET_CLIENT */;
/*!40101 SET CHARACTER_SET_RESULTS=@OLD_CHARACTER_SET_RESULTS */;
/*!40101 SET COLLATION_CONNECTION=@OLD_COLLATION_CONNECTION */;
